"id";"container_id";"pick_minfilllevel";"decrease";"code";"pick_at_utc";"percent_before";"percent_now";"event_driven"
"15270292";"30046";"50";"20";"0003/ 014C00513";"2019-10-01T05:00:41.000Z";"100";"1";"false"
"15270477";"30327";"30";"20";"0001/ 002C01582";"2019-10-01T05:01:47.000Z";"38";"1";"false"
"15270800";"30064";"30";"20";"0003/ 035C00551";"2019-10-01T05:12:45.000Z";"44";"16";"false"
"15270879";"30116";"30";"20";"0003/ 084C00644";"2019-10-01T05:12:49.000Z";"100";"10";"false"
"15271061";"29927";"30";"20";"0006/ 262C00242";"2019-10-01T05:19:44.000Z";"100";"0";"false"
"15271066";"30034";"30";"20";"0003/ 012C00493";"2019-10-01T05:20:36.000Z";"100";"0";"false"
"15271124";"30060";"50";"20";"0003/ 030C00542";"2019-10-01T05:25:38.000Z";"100";"7";"false"
"15271202";"30040";"30";"20";"0003/ 013C00502";"2019-10-01T05:39:07.000Z";"100";"10";"false"
"15271205";"30109";"30";"20";"0003/ 076C00634";"2019-10-01T05:39:08.000Z";"89";"4";"false"
"15271776";"30071";"30";"20";"0003/ 036C00563";"2019-10-01T06:01:40.000Z";"97";"3";"false"
"15271819";"29867";"50";"20";"0001/ 032C00012";"2019-10-01T06:01:45.000Z";"100";"10";"false"
"15272682";"29878";"50";"20";"0006/ 001C00181";"2019-10-01T06:12:59.000Z";"94";"3";"false"
"15275519";"29913";"50";"20";"0001/ 027C00052";"2019-10-01T10:01:29.000Z";"89";"37";"false"
"15275527";"29956";"50";"20";"0001/ 003C00111";"2019-10-01T10:01:32.000Z";"93";"35";"false"
"15275594";"29952";"40";"20";"0001/ 022C00091";"2019-10-01T10:01:41.000Z";"56";"9";"false"
"15275619";"30069";"30";"20";"0003/ 036C00561";"2019-10-01T10:01:45.000Z";"91";"3";"false"
"15275622";"30093";"30";"20";"0003/ 041C00604";"2019-10-01T10:01:46.000Z";"95";"29";"false"
"15275658";"30107";"30";"20";"0003/ 076C00632";"2019-10-01T10:01:54.000Z";"71";"7";"false"
"15275921";"30068";"30";"20";"0003/ 035C00555";"2019-10-01T10:13:33.000Z";"55";"0";"false"
"15275936";"29903";"30";"20";"0005/ 003C00134";"2019-10-01T10:13:35.000Z";"98";"7";"false"
"15275963";"30059";"50";"20";"0003/ 030C00541";"2019-10-01T10:13:36.000Z";"100";"7";"false"
"15275997";"30167";"50";"30";"0008/ 080C01396";"2019-10-01T10:13:39.000Z";"68";"29";"false"
"15276008";"30044";"30";"20";"0003/ 014C00511";"2019-10-01T10:13:41.000Z";"100";"5";"false"
"15276028";"30114";"30";"20";"0003/ 084C00642";"2019-10-01T10:13:47.000Z";"98";"7";"false"
"15276108";"30039";"30";"20";"0003/ 013C00501";"2019-10-01T10:18:56.000Z";"100";"12";"false"
"15276126";"30091";"30";"20";"0003/ 041C00602";"2019-10-01T10:22:40.000Z";"100";"6";"false"
"15276214";"30032";"30";"20";"0003/ 012C00491";"2019-10-01T10:40:01.000Z";"100";"2";"false"
"15278834";"30169";"30";"20";"0008/ 034C01386";"2019-10-01T13:01:52.000Z";"88";"14";"false"
"15279362";"30126";"30";"20";"0008/ 226C01323";"2019-10-01T13:20:20.000Z";"33";"1";"false"
"15285178";"30057";"30";"20";"0003/ 024C00533";"2019-10-01T18:15:00.000Z";"54";"0";"false"
"15290294";"29792";"30";"20";"0010/ 263C00433";"2019-10-02T05:00:37.000Z";"100";"26";"false"
"15290307";"29910";"30";"20";"0007/ 067C00403";"2019-10-02T05:00:40.000Z";"71";"7";"false"
"15290315";"30024";"30";"20";"0010/ 264C00443";"2019-10-02T05:00:43.000Z";"100";"2";"false"
"15290363";"29908";"30";"20";"0007/ 055C00401";"2019-10-02T05:01:30.000Z";"65";"4";"false"
"15290405";"29911";"30";"20";"0007/ 067C00404";"2019-10-02T05:01:38.000Z";"58";"10";"false"
"15290414";"29909";"30";"20";"0007/ 055C00402";"2019-10-02T05:01:38.000Z";"63";"6";"false"
"15290422";"29933";"30";"20";"0001/ 009C00082";"2019-10-02T05:01:39.000Z";"100";"7";"false"
"15290423";"30406";"30";"20";"0001/ 004C01601";"2019-10-02T05:01:39.000Z";"74";"4";"false"
"15290424";"29958";"30";"20";"0001/ 003C00113";"2019-10-02T05:01:39.000Z";"81";"14";"false"
"15290461";"29888";"30";"20";"0001/ 040C00033";"2019-10-02T05:01:43.000Z";"87";"4";"false"
"15290848";"30029";"50";"20";"0003/ 010C00483";"2019-10-02T05:16:28.000Z";"99";"8";"false"
"15290876";"29831";"30";"20";"0010/ 265C00452";"2019-10-02T05:16:29.000Z";"98";"23";"false"
"15290882";"29936";"30";"20";"0007/ 022C00413";"2019-10-02T05:16:29.000Z";"100";"5";"false"
"15290915";"29937";"30";"20";"0007/ 022C00414";"2019-10-02T05:16:31.000Z";"100";"3";"false"
"15290917";"29804";"30";"20";"0010/ 268C00463";"2019-10-02T05:16:32.000Z";"100";"23";"false"
"15290945";"29835";"50";"20";"0010/ 265C00456";"2019-10-02T05:16:33.000Z";"63";"12";"false"
"15290986";"30103";"30";"20";"0003/ 052C00622";"2019-10-02T05:16:37.000Z";"90";"12";"false"
"15290988";"29821";"40";"20";"0006/ 263C00234";"2019-10-02T05:16:38.000Z";"84";"16";"false"
"15290991";"29915";"30";"20";"0001/ 013C00062";"2019-10-02T05:16:38.000Z";"100";"10";"false"
"15291007";"29914";"30";"20";"0001/ 013C00061";"2019-10-02T05:16:41.000Z";"100";"5";"false"
"15291800";"29925";"30";"20";"0006/ 259C00225";"2019-10-02T06:01:41.000Z";"89";"0";"false"
"15291840";"29882";"40";"20";"0001/ 039C00021";"2019-10-02T06:01:48.000Z";"100";"9";"false"
"15292678";"29879";"50";"20";"0006/ 001C00182";"2019-10-02T06:16:27.000Z";"99";"3";"false"
"15292686";"29905";"40";"20";"0006/ 016C00212";"2019-10-02T06:16:36.000Z";"100";"2";"false"
"15292715";"29916";"30";"20";"0001/ 013C00063";"2019-10-02T06:16:39.000Z";"32";"8";"false"
"15292758";"29805";"30";"20";"0010/ 268C00464";"2019-10-02T06:16:42.000Z";"89";"9";"false"
"15292773";"29789";"30";"20";"0006/ 264C00204";"2019-10-02T06:16:42.000Z";"70";"14";"false"
"15292850";"29904";"40";"20";"0006/ 016C00211";"2019-10-02T06:16:52.000Z";"100";"0";"false"
"15293199";"30407";"30";"20";"0001/ 004C01602";"2019-10-02T07:02:04.000Z";"99";"2";"false"
"15293970";"29869";"30";"20";"0006/ 260C00162";"2019-10-02T08:00:38.000Z";"100";"0";"false"
"15294142";"29940";"30";"20";"0006/ 258C00253";"2019-10-02T08:04:04.000Z";"53";"0";"false"
"15295466";"30364";"40";"30";"0016/ 042C01481";"2019-10-02T10:01:31.000Z";"89";"38";"false"
"15295502";"30335";"30";"20";"0001/ 021C01562";"2019-10-02T10:01:40.000Z";"99";"28";"false"
"15295515";"30365";"30";"20";"0016/ 042C01482";"2019-10-02T10:01:41.000Z";"73";"22";"false"
"15295530";"30331";"50";"20";"0001/ 024C01572";"2019-10-02T10:01:42.000Z";"99";"20";"false"
"15295531";"30004";"50";"20";"0009/ 158C00363";"2019-10-02T10:01:42.000Z";"78";"30";"false"
"15295882";"29875";"50";"20";"0006/ 012C00172";"2019-10-02T10:17:17.000Z";"80";"24";"false"
"15295915";"29827";"50";"20";"0009/ 003C00264";"2019-10-02T10:17:19.000Z";"100";"42";"false"
"15295920";"29903";"30";"20";"0005/ 003C00134";"2019-10-02T10:17:19.000Z";"100";"0";"false"
"15295950";"29876";"50";"20";"0006/ 012C00173";"2019-10-02T10:17:22.000Z";"82";"16";"false"
"15295954";"29900";"30";"20";"0005/ 003C00131";"2019-10-02T10:17:23.000Z";"100";"6";"false"
"15295992";"30105";"30";"20";"0003/ 052C00624";"2019-10-02T10:17:28.000Z";"72";"7";"false"
"15296075";"30330";"30";"20";"0001/ 024C1571";"2019-10-02T10:27:38.000Z";"34";"0";"false"
"15296273";"29939";"30";"20";"0006/ 258C00252";"2019-10-02T10:58:17.000Z";"56";"19";"false"
"15296515";"29928";"30";"20";"0006/ 262C00243";"2019-10-02T11:01:32.000Z";"31";"0";"false"
"15299134";"29949";"50";"20";"0005/ 025C00153";"2019-10-02T13:17:48.000Z";"82";"22";"false"
"15300334";"30343";"30";"20";"0001/ 017C01542";"2019-10-02T14:22:07.000Z";"38";"4";"false"
"15301309";"30053";"30";"20";"0003/ 022C00523";"2019-10-02T15:18:07.000Z";"62";"0";"false"
"15304061";"30022";"30";"20";"0010/ 264C00441";"2019-10-02T18:01:38.000Z";"82";"17";"false"
"15304993";"30027";"30";"20";"0003/ 010C00481";"2019-10-02T18:18:35.000Z";"78";"21";"false"
"15309799";"29897";"50";"20";"0001/ 038C00042";"2019-10-03T04:09:08.000Z";"100";"7";"false"
"15310185";"29913";"50";"20";"0001/ 027C00052";"2019-10-03T05:01:28.000Z";"86";"12";"false"
"15310202";"29887";"50";"20";"0001/ 040C00032";"2019-10-03T05:01:32.000Z";"87";"8";"false"
"15310263";"29952";"40";"20";"0001/ 022C00091";"2019-10-03T05:01:41.000Z";"72";"6";"false"
"15310297";"30287";"30";"20";"0001/ 012C00652";"2019-10-03T05:01:46.000Z";"94";"20";"false"
"15310317";"30327";"30";"20";"0001/ 002C01582";"2019-10-03T05:01:49.000Z";"59";"10";"false"
"15310729";"30085";"30";"20";"0003/ 040C00591";"2019-10-03T05:20:14.000Z";"100";"12";"false"
"15310757";"30064";"30";"20";"0003/ 035C00551";"2019-10-03T05:20:16.000Z";"90";"27";"false"
"15310793";"30086";"30";"20";"0003/ 040C00592";"2019-10-03T05:20:18.000Z";"95";"27";"false"
"15310825";"30150";"30";"20";"0008/ 044C01371";"2019-10-03T05:20:22.000Z";"45";"9";"false"
"15310832";"29807";"30";"20";"0018/ 050C00472";"2019-10-03T05:20:24.000Z";"85";"19";"false"
"15310866";"30056";"30";"20";"0003/ 024C00532";"2019-10-03T05:20:32.000Z";"97";"5";"false"
"15310874";"30351";"30";"20";"0001/ 014C01522";"2019-10-03T05:21:21.000Z";"27";"0";"false"
"15311031";"29795";"30";"20";"0010/ 263C00436";"2019-10-03T05:46:30.000Z";"100";"0";"false"
"15311496";"29920";"30";"20";"0001/ 037C00072";"2019-10-03T06:01:22.000Z";"87";"6";"false"
"15311557";"29883";"40";"20";"0001/ 039C00022";"2019-10-03T06:01:38.000Z";"91";"6";"false"
"15311566";"30335";"30";"20";"0001/ 021C01562";"2019-10-03T06:01:39.000Z";"99";"1";"false"
"15311573";"30406";"30";"20";"0001/ 004C01601";"2019-10-03T06:01:40.000Z";"100";"1";"false"
"15312624";"30326";"30";"20";"0001/ 002C01581";"2019-10-03T06:23:08.000Z";"88";"2";"false"
"15312699";"30288";"30";"20";"0001/ 012C00653";"2019-10-03T06:39:07.000Z";"83";"18";"false"
"15312777";"30401";"30";"20";"0001/ 035C01592";"2019-10-03T06:57:01.000Z";"99";"0";"false"
"15313248";"29820";"30";"20";"0006/ 263C00233";"2019-10-03T07:15:21.000Z";"82";"14";"false"
"15313749";"29912";"30";"20";"0001/ 027C00051";"2019-10-03T08:00:40.000Z";"100";"6";"false"
"15314385";"30338";"30";"20";"0001/ 018C01551";"2019-10-03T09:05:21.000Z";"77";"10";"false"
"15315299";"29960";"30";"20";"0001/ 020C00121";"2019-10-03T10:01:34.000Z";"100";"23";"false"
"15315339";"30334";"30";"20";"0001/ 021C01561";"2019-10-03T10:01:41.000Z";"99";"16";"false"
"15315678";"29935";"30";"20";"0007/ 022C00412";"2019-10-03T10:20:58.000Z";"100";"0";"false"
"15315706";"30058";"30";"20";"0003/ 024C00534";"2019-10-03T10:21:02.000Z";"55";"0";"false"
"15315775";"30097";"30";"20";"0003/ 043C00611";"2019-10-03T10:21:06.000Z";"100";"12";"false"
"15315787";"30098";"30";"20";"0003/ 043C00612";"2019-10-03T10:21:08.000Z";"100";"18";"false"
"15315806";"30347";"30";"20";"0001/ 016C01532";"2019-10-03T10:21:10.000Z";"98";"8";"false"
"15315810";"29821";"40";"20";"0006/ 263C00234";"2019-10-03T10:21:11.000Z";"65";"19";"false"
"15315911";"30175";"30";"20";"0008/ 276C01414";"2019-10-03T10:32:35.000Z";"58";"26";"false"
"15315971";"30077";"30";"20";"0003/ 037C00572";"2019-10-03T10:47:26.000Z";"100";"28";"false"
"15316707";"29801";"50";"20";"0010/ 252C00426";"2019-10-03T11:13:34.000Z";"100";"16";"false"
"15321898";"30113";"30";"20";"0003/ 084C00641";"2019-10-03T13:01:36.000Z";"93";"12";"false"
"15322266";"30400";"30";"20";"0001/ 035C01591";"2019-10-03T13:15:12.000Z";"62";"5";"false"
"15322336";"29917";"30";"20";"0001/ 013C00064";"2019-10-03T13:21:30.000Z";"68";"0";"false"
"15322346";"30055";"50";"20";"0003/ 024C00531";"2019-10-03T13:21:30.000Z";"100";"30";"false"
"15322364";"29918";"30";"20";"0001/ 013C00065";"2019-10-03T13:21:32.000Z";"76";"15";"false"
"15322369";"30027";"30";"20";"0003/ 010C00481";"2019-10-03T13:21:32.000Z";"22";"0";"false"
"15322434";"30080";"30";"20";"0003/ 039C00581";"2019-10-03T13:21:37.000Z";"83";"14";"false"
"15322456";"30028";"30";"20";"0003/ 010C00482";"2019-10-03T13:21:41.000Z";"100";"16";"false"
"15322615";"30076";"50";"20";"0003/ 037C00571";"2019-10-03T13:47:48.000Z";"100";"12";"false"
"15324619";"30064";"30";"20";"0003/ 035C00551";"2019-10-03T15:21:52.000Z";"95";"24";"false"
"15324722";"30051";"30";"20";"0003/ 022C00521";"2019-10-03T15:22:06.000Z";"56";"8";"false"
"15326387";"29799";"30";"20";"0010/ 252C00424";"2019-10-03T17:02:57.000Z";"73";"22";"false"
"15328339";"29948";"50";"20";"0005/ 025C00152";"2019-10-03T18:22:12.000Z";"89";"49";"false"
"15328950";"30133";"30";"20";"0008/ 072C01336";"2019-10-03T19:06:38.000Z";"47";"25";"false"
"15337022";"30162";"30";"20";"0008/ 080C01391";"2019-10-04T04:57:09.000Z";"99";"18";"false"
"15337035";"29993";"30";"20";"0009/ 163C00342";"2019-10-04T04:58:17.000Z";"98";"12";"false"
"15337132";"29910";"30";"20";"0007/ 067C00403";"2019-10-04T05:00:39.000Z";"55";"7";"false"
"15337182";"29998";"50";"20";"0009/ 157C00352";"2019-10-04T05:01:25.000Z";"49";"11";"false"
"15337183";"30134";"30";"20";"0008/ 067C01341";"2019-10-04T05:01:25.000Z";"78";"18";"false"
"15337185";"29908";"30";"20";"0007/ 055C00401";"2019-10-04T05:01:28.000Z";"72";"11";"false"
"15337230";"30003";"50";"20";"0009/ 158C00362";"2019-10-04T05:01:37.000Z";"100";"16";"false"
"15337234";"29932";"50";"20";"0001/ 009C00081";"2019-10-04T05:01:37.000Z";"100";"6";"false"
"15337238";"30342";"30";"20";"0001/ 017C01541";"2019-10-04T05:01:38.000Z";"30";"6";"false"
"15337242";"30335";"30";"20";"0001/ 021C01562";"2019-10-04T05:01:38.000Z";"99";"0";"false"
"15337260";"30346";"30";"20";"0001/ 016C01531";"2019-10-04T05:01:40.000Z";"97";"1";"false"
"15337305";"29983";"50";"20";"0009/ 155C00322";"2019-10-04T05:01:47.000Z";"100";"22";"false"
"15337742";"30029";"50";"20";"0003/ 010C00483";"2019-10-04T05:23:58.000Z";"67";"24";"false"
"15337759";"29936";"30";"20";"0007/ 022C00413";"2019-10-04T05:23:59.000Z";"92";"5";"false"
"15337786";"29949";"50";"20";"0005/ 025C00153";"2019-10-04T05:24:00.000Z";"34";"2";"false"
"15337794";"30027";"30";"20";"0003/ 010C00481";"2019-10-04T05:24:01.000Z";"100";"11";"false"
"15337799";"30097";"30";"20";"0003/ 043C00611";"2019-10-04T05:24:01.000Z";"49";"22";"false"
"15337800";"29903";"30";"20";"0005/ 003C00134";"2019-10-04T05:24:01.000Z";"95";"4";"false"
"15337801";"29937";"30";"20";"0007/ 022C00414";"2019-10-04T05:24:01.000Z";"96";"4";"false"
"15337803";"29916";"30";"20";"0001/ 013C00063";"2019-10-04T05:24:02.000Z";"100";"3";"false"
"15337834";"30116";"30";"20";"0003/ 084C00644";"2019-10-04T05:24:05.000Z";"89";"17";"false"
"15337840";"29900";"30";"20";"0005/ 003C00131";"2019-10-04T05:24:05.000Z";"100";"3";"false"
"15337860";"29915";"30";"20";"0001/ 013C00062";"2019-10-04T05:24:09.000Z";"91";"10";"false"
"15337877";"29914";"30";"20";"0001/ 013C00061";"2019-10-04T05:24:10.000Z";"76";"8";"false"
"15337880";"29950";"30";"20";"0005/ 025C00154";"2019-10-04T05:24:11.000Z";"58";"0";"false"
"15337914";"30350";"30";"20";"0001/ 014C01521";"2019-10-04T05:26:34.000Z";"70";"0";"false"
"15338031";"30066";"50";"20";"0003/ 035C00553";"2019-10-04T05:50:12.000Z";"93";"20";"false"
"15338595";"30012";"30";"20";"0009/ 160C00381";"2019-10-04T06:01:40.000Z";"100";"17";"false"
"15338630";"30128";"30";"20";"0008/ 072C01331";"2019-10-04T06:01:43.000Z";"90";"18";"false"
"15338652";"30287";"30";"20";"0001/ 012C00652";"2019-10-04T06:01:46.000Z";"53";"14";"false"
"15339490";"29905";"40";"20";"0006/ 016C00212";"2019-10-04T06:24:05.000Z";"94";"0";"false"
"15339495";"29947";"30";"20";"0005/ 025C00151";"2019-10-04T06:24:07.000Z";"100";"2";"false"
"15339520";"29875";"50";"20";"0006/ 012C00172";"2019-10-04T06:24:10.000Z";"100";"7";"false"
"15339550";"30064";"30";"20";"0003/ 035C00551";"2019-10-04T06:24:11.000Z";"100";"12";"false"
"15339571";"29876";"50";"20";"0006/ 012C00173";"2019-10-04T06:24:12.000Z";"100";"4";"false"
"15339639";"29904";"40";"20";"0006/ 016C00211";"2019-10-04T06:24:28.000Z";"100";"27";"false"
"15339683";"30143";"50";"20";"0008/ 042C01354";"2019-10-04T06:29:10.000Z";"78";"35";"false"
"15339703";"30034";"30";"20";"0003/ 012C00493";"2019-10-04T06:31:59.000Z";"100";"5";"false"
"15339751";"29826";"30";"20";"0009/ 003C00263";"2019-10-04T06:42:51.000Z";"92";"29";"false"
"15339792";"30040";"30";"20";"0003/ 013C00502";"2019-10-04T06:50:32.000Z";"95";"15";"false"
"15339990";"30407";"30";"20";"0001/ 004C01602";"2019-10-04T07:02:02.000Z";"58";"10";"false"
"15340202";"30008";"30";"20";"0009/ 159C00372";"2019-10-04T07:11:19.000Z";"100";"11";"false"
"15340552";"30172";"30";"20";"0008/ 276C01411";"2019-10-04T08:00:06.000Z";"95";"15";"false"
"15340798";"30046";"50";"20";"0003/ 014C00513";"2019-10-04T08:00:46.000Z";"91";"25";"false"
"15340932";"29861";"30";"20";"0009/ 153C00303";"2019-10-04T08:04:15.000Z";"99";"0";"false"
"15340958";"30121";"30";"20";"0008/ 043C00872";"2019-10-04T08:05:38.000Z";"78";"17";"false"
"15340969";"30129";"30";"20";"0008/ 072C01332";"2019-10-04T08:05:53.000Z";"86";"20";"false"
"15341105";"29927";"30";"20";"0006/ 262C00242";"2019-10-04T08:31:26.000Z";"100";"0";"false"
"15341180";"30168";"30";"20";"0008/ 075C01401";"2019-10-04T08:57:32.000Z";"87";"16";"false"
"15341271";"29969";"30";"20";"0009/ 151C00283";"2019-10-04T09:00:38.000Z";"100";"0";"false"
"15341509";"29891";"30";"20";"0006/ 261C00192";"2019-10-04T09:07:32.000Z";"58";"20";"false"
"15342316";"30135";"30";"20";"0008/ 067C01342";"2019-10-04T10:01:31.000Z";"99";"20";"false"
"15342347";"30380";"30";"20";"0016/ 043C01443";"2019-10-04T10:01:38.000Z";"60";"30";"false"
"15342350";"29984";"50";"20";"0009/ 155C00323";"2019-10-04T10:01:38.000Z";"100";"12";"false"
"15342366";"29988";"50";"20";"0009/ 156C00332";"2019-10-04T10:01:39.000Z";"100";"31";"false"
"15342381";"29870";"30";"20";"0006/ 260C00163";"2019-10-04T10:01:41.000Z";"85";"20";"false"
"15342392";"30071";"30";"20";"0003/ 036C00563";"2019-10-04T10:01:42.000Z";"56";"17";"false"
"15342413";"29867";"50";"20";"0001/ 032C00012";"2019-10-04T10:01:46.000Z";"100";"16";"false"
"15342426";"30093";"30";"20";"0003/ 041C00604";"2019-10-04T10:01:47.000Z";"82";"14";"false"
"15342441";"30327";"30";"20";"0001/ 002C01582";"2019-10-04T10:01:49.000Z";"79";"0";"false"
"15342639";"30021";"30";"20";"0009/ 161C00395";"2019-10-04T10:12:28.000Z";"100";"7";"false"
"15342700";"30039";"30";"20";"0003/ 013C00501";"2019-10-04T10:18:59.000Z";"93";"8";"false"
"15342741";"29824";"30";"20";"0009/ 003C00261";"2019-10-04T10:24:46.000Z";"62";"17";"false"
"15342759";"30053";"30";"20";"0003/ 022C00523";"2019-10-04T10:24:47.000Z";"55";"0";"false"
"15342787";"30059";"50";"20";"0003/ 030C00541";"2019-10-04T10:24:49.000Z";"100";"9";"false"
"15342829";"29946";"30";"20";"0005/ 218C00144";"2019-10-04T10:24:51.000Z";"80";"8";"false"
"15342835";"30111";"30";"20";"0003/ 076C00636";"2019-10-04T10:24:53.000Z";"61";"0";"false"
"15342855";"29943";"40";"20";"0005/ 218C00141";"2019-10-04T10:24:55.000Z";"100";"7";"false"
"15342861";"30044";"30";"20";"0003/ 014C00511";"2019-10-04T10:24:56.000Z";"99";"0";"false"
"15342877";"30114";"30";"20";"0003/ 084C00642";"2019-10-04T10:25:00.000Z";"96";"7";"false"
"15342909";"29977";"30";"20";"0009/ 154C00311";"2019-10-04T10:27:35.000Z";"100";"0";"false"
"15342914";"30323";"30";"20";"0008/ 075C01405";"2019-10-04T10:28:25.000Z";"31";"9";"false"
"15342946";"30091";"30";"20";"0003/ 041C00602";"2019-10-04T10:33:56.000Z";"45";"7";"false"
"15342962";"30060";"50";"20";"0003/ 030C00542";"2019-10-04T10:37:37.000Z";"83";"16";"false"
"15342968";"29992";"30";"20";"0009/ 163C00341";"2019-10-04T10:38:12.000Z";"91";"20";"false"
"15343060";"30032";"30";"20";"0003/ 012C00491";"2019-10-04T10:51:18.000Z";"93";"16";"false"
"15343061";"29787";"30";"20";"0006/ 264C00202";"2019-10-04T10:51:18.000Z";"49";"15";"false"
"15343295";"29894";"30";"20";"0006/ 261C00195";"2019-10-04T11:00:38.000Z";"100";"0";"false"
"15343323";"29868";"30";"20";"0006/ 260C00161";"2019-10-04T11:00:42.000Z";"33";"0";"false"
"15343436";"29963";"30";"20";"0009/ 148C00272";"2019-10-04T11:02:22.000Z";"99";"9";"false"
"15343450";"30009";"50";"20";"0009/ 159C00373";"2019-10-04T11:02:36.000Z";"99";"33";"false"
"15343648";"29924";"30";"20";"0006/ 259C00224";"2019-10-04T11:06:11.000Z";"99";"18";"false"
"15343686";"30124";"40";"20";"0008/ 226C01321";"2019-10-04T11:07:31.000Z";"99";"33";"false"
"15344668";"30339";"30";"20";"0001/ 018C01552";"2019-10-04T12:04:41.000Z";"68";"4";"false"
"15345595";"30069";"30";"20";"0003/ 036C00561";"2019-10-04T13:01:46.000Z";"59";"1";"false"
"15345668";"29967";"30";"20";"0009/ 151C00281";"2019-10-04T13:02:48.000Z";"99";"0";"false"
"15345736";"29862";"40";"20";"0009/ 153C00304";"2019-10-04T13:05:47.000Z";"100";"31";"false"
"15346119";"29809";"30";"20";"0018/ 050C00474";"2019-10-04T13:25:25.000Z";"100";"0";"false"
"15346136";"30150";"30";"20";"0008/ 044C01371";"2019-10-04T13:25:26.000Z";"39";"13";"false"
"15347671";"29908";"30";"20";"0007/ 055C00401";"2019-10-04T15:01:30.000Z";"45";"15";"false"
"15348331";"30103";"30";"20";"0003/ 052C00622";"2019-10-04T15:25:43.000Z";"50";"0";"false"
"15349740";"29982";"30";"20";"0009/ 155C00321";"2019-10-04T16:59:46.000Z";"99";"0";"false"
"15357886";"30150";"30";"20";"0008/ 044C01371";"2019-10-05T05:27:53.000Z";"34";"3";"false"
"15358543";"29911";"30";"20";"0007/ 067C00404";"2019-10-05T06:01:33.000Z";"61";"6";"false"
"15358624";"29909";"30";"20";"0007/ 055C00402";"2019-10-05T06:01:40.000Z";"91";"9";"false"
"15359791";"30164";"30";"20";"0008/ 080C01393";"2019-10-05T06:28:30.000Z";"42";"17";"false"
"15360462";"30288";"30";"20";"0001/ 012C00653";"2019-10-05T07:46:47.000Z";"66";"12";"false"
"15361449";"30338";"30";"20";"0001/ 018C01551";"2019-10-05T09:05:20.000Z";"97";"10";"false"
"15362329";"29958";"30";"20";"0001/ 003C00113";"2019-10-05T10:01:38.000Z";"88";"23";"false"
"15362330";"29953";"30";"20";"0001/ 022C00092";"2019-10-05T10:01:38.000Z";"96";"6";"false"
"15362337";"30335";"30";"20";"0001/ 021C01562";"2019-10-05T10:01:39.000Z";"98";"0";"false"
"15362340";"30334";"30";"20";"0001/ 021C01561";"2019-10-05T10:01:39.000Z";"99";"12";"false"
"15362347";"29925";"30";"20";"0006/ 259C00225";"2019-10-05T10:01:40.000Z";"100";"0";"false"
"15362372";"29933";"30";"20";"0001/ 009C00082";"2019-10-05T10:01:42.000Z";"100";"14";"false"
"15362377";"29955";"40";"20";"0001/ 001C00102";"2019-10-05T10:01:42.000Z";"100";"24";"false"
"15362378";"29960";"30";"20";"0001/ 020C00121";"2019-10-05T10:01:42.000Z";"100";"15";"false"
"15362379";"29952";"40";"20";"0001/ 022C00091";"2019-10-05T10:01:42.000Z";"99";"11";"false"
"15362384";"29920";"30";"20";"0001/ 037C00072";"2019-10-05T10:01:43.000Z";"57";"20";"false"
"15362389";"30406";"30";"20";"0001/ 004C01601";"2019-10-05T10:01:44.000Z";"76";"21";"false"
"15362391";"29888";"30";"20";"0001/ 040C00033";"2019-10-05T10:01:44.000Z";"82";"1";"false"
"15362466";"30106";"30";"20";"0003/ 076C00631";"2019-10-05T10:02:17.000Z";"100";"20";"false"
"15362492";"30347";"30";"20";"0001/ 016C01532";"2019-10-05T10:02:19.000Z";"98";"0";"false"
"15362522";"29904";"40";"20";"0006/ 016C00211";"2019-10-05T10:02:22.000Z";"93";"16";"false"
"15362599";"29821";"40";"20";"0006/ 263C00234";"2019-10-05T10:02:29.000Z";"99";"33";"false"
"15362833";"30330";"30";"20";"0001/ 024C1571";"2019-10-05T10:12:38.000Z";"85";"0";"false"
"15363210";"29895";"30";"20";"0006/ 261C00196";"2019-10-05T11:00:23.000Z";"99";"0";"false"
"15363354";"29928";"30";"20";"0006/ 262C00243";"2019-10-05T11:01:29.000Z";"99";"0";"false"
"15365425";"29866";"50";"15";"0001/ 032C00011";"2019-10-05T13:01:35.000Z";"56";"39";"false"
"15365427";"29883";"40";"20";"0001/ 039C00022";"2019-10-05T13:01:36.000Z";"100";"30";"false"
"15377325";"30054";"30";"20";"0003/ 022C00524";"2019-10-06T05:05:30.000Z";"58";"0";"false"
"15379458";"30064";"30";"20";"0003/ 035C00551";"2019-10-06T06:31:43.000Z";"59";"22";"false"
"15382349";"30057";"30";"20";"0003/ 024C00533";"2019-10-06T10:06:18.000Z";"31";"3";"false"
"15385747";"30064";"30";"20";"0003/ 035C00551";"2019-10-06T13:32:50.000Z";"50";"18";"false"
"15390183";"29910";"30";"20";"0007/ 067C00403";"2019-10-06T18:00:41.000Z";"67";"0";"false"
"15396166";"30134";"30";"20";"0008/ 067C01341";"2019-10-07T05:01:23.000Z";"68";"18";"false"
"15396167";"29908";"30";"20";"0007/ 055C00401";"2019-10-07T05:01:26.000Z";"87";"7";"false"
"15396554";"29937";"30";"20";"0007/ 022C00414";"2019-10-07T05:08:59.000Z";"100";"8";"false"
"15396571";"29914";"30";"20";"0001/ 013C00061";"2019-10-07T05:09:00.000Z";"99";"8";"false"
"15396588";"29915";"30";"20";"0001/ 013C00062";"2019-10-07T05:09:02.000Z";"99";"10";"false"
"15396601";"29835";"50";"20";"0010/ 265C00456";"2019-10-07T05:09:03.000Z";"100";"44";"false"
"15396646";"29900";"30";"20";"0005/ 003C00131";"2019-10-07T05:09:07.000Z";"100";"5";"false"
"15396661";"29936";"30";"20";"0007/ 022C00413";"2019-10-07T05:09:08.000Z";"100";"10";"false"
"15396669";"30029";"50";"20";"0003/ 010C00483";"2019-10-07T05:09:08.000Z";"100";"8";"false"
"15396688";"29916";"30";"20";"0001/ 013C00063";"2019-10-07T05:09:10.000Z";"100";"18";"false"
"15396692";"29903";"30";"20";"0005/ 003C00134";"2019-10-07T05:09:11.000Z";"100";"6";"false"
"15396981";"29949";"50";"20";"0005/ 025C00153";"2019-10-07T05:35:12.000Z";"73";"2";"false"
"15396982";"29947";"30";"20";"0005/ 025C00151";"2019-10-07T05:35:13.000Z";"100";"0";"false"
"15396983";"30027";"30";"20";"0003/ 010C00481";"2019-10-07T05:35:14.000Z";"44";"10";"false"
"15397541";"30003";"50";"20";"0009/ 158C00362";"2019-10-07T06:01:36.000Z";"100";"32";"false"
"15397560";"30335";"30";"20";"0001/ 021C01562";"2019-10-07T06:01:38.000Z";"99";"1";"false"
"15397583";"30331";"50";"20";"0001/ 024C01572";"2019-10-07T06:01:40.000Z";"99";"8";"false"
"15397618";"29983";"50";"20";"0009/ 155C00322";"2019-10-07T06:01:43.000Z";"91";"24";"false"
"15397621";"29952";"40";"20";"0001/ 022C00091";"2019-10-07T06:01:43.000Z";"65";"8";"false"
"15398155";"29948";"50";"20";"0005/ 025C00152";"2019-10-07T06:08:27.000Z";"99";"22";"false"
"15398191";"29826";"30";"20";"0009/ 003C00263";"2019-10-07T06:09:06.000Z";"91";"16";"false"
"15398243";"30086";"30";"20";"0003/ 040C00592";"2019-10-07T06:09:10.000Z";"100";"22";"false"
"15398266";"29876";"50";"20";"0006/ 012C00173";"2019-10-07T06:09:14.000Z";"100";"9";"false"
"15398339";"30056";"30";"20";"0003/ 024C00532";"2019-10-07T06:09:19.000Z";"100";"16";"false"
"15398376";"29878";"50";"20";"0006/ 001C00181";"2019-10-07T06:09:27.000Z";"87";"10";"false"
"15398491";"30350";"30";"20";"0001/ 014C01521";"2019-10-07T06:11:47.000Z";"91";"0";"false"
"15398724";"29875";"50";"20";"0006/ 012C00172";"2019-10-07T06:35:26.000Z";"99";"8";"false"
"15399463";"29939";"30";"20";"0006/ 258C00252";"2019-10-07T07:58:09.000Z";"99";"26";"false"
"15399843";"30018";"50";"20";"0009/ 161C00392";"2019-10-07T08:03:59.000Z";"99";"23";"false"
"15399877";"30121";"30";"20";"0008/ 043C00872";"2019-10-07T08:05:37.000Z";"56";"17";"false"
"15399879";"29862";"40";"20";"0009/ 153C00304";"2019-10-07T08:05:43.000Z";"99";"19";"false"
"15399909";"30124";"40";"20";"0008/ 226C01321";"2019-10-07T08:07:30.000Z";"100";"22";"false"
"15399928";"29979";"50";"20";"0009/ 154C00313";"2019-10-07T08:08:55.000Z";"99";"33";"false"
"15399962";"30143";"50";"20";"0008/ 042C01354";"2019-10-07T08:14:26.000Z";"100";"15";"false"
"15400184";"29969";"30";"20";"0009/ 151C00283";"2019-10-07T09:00:36.000Z";"99";"0";"false"
"15400205";"30173";"30";"20";"0008/ 276C01412";"2019-10-07T09:01:02.000Z";"99";"16";"false"
"15400811";"30401";"30";"20";"0001/ 035C01592";"2019-10-07T09:56:59.000Z";"99";"5";"false"
"15401190";"29911";"30";"20";"0007/ 067C00404";"2019-10-07T10:01:33.000Z";"92";"0";"false"
"15401218";"30342";"30";"20";"0001/ 017C01541";"2019-10-07T10:01:37.000Z";"99";"1";"false"
"15401234";"29909";"30";"20";"0007/ 055C00402";"2019-10-07T10:01:40.000Z";"66";"6";"false"
"15401250";"29933";"30";"20";"0001/ 009C00082";"2019-10-07T10:01:42.000Z";"81";"6";"false"
"15401274";"30406";"30";"20";"0001/ 004C01601";"2019-10-07T10:01:44.000Z";"59";"4";"false"
"15401285";"29887";"50";"20";"0001/ 040C00032";"2019-10-07T10:01:45.000Z";"94";"38";"false"
"15401294";"30287";"30";"20";"0001/ 012C00652";"2019-10-07T10:01:46.000Z";"99";"18";"false"
"15401466";"30085";"30";"20";"0003/ 040C00591";"2019-10-07T10:09:44.000Z";"100";"20";"false"
"15401491";"29801";"50";"20";"0010/ 252C00426";"2019-10-07T10:09:48.000Z";"100";"20";"false"
"15401511";"29905";"40";"20";"0006/ 016C00212";"2019-10-07T10:09:50.000Z";"100";"31";"false"
"15401572";"29827";"50";"20";"0009/ 003C00264";"2019-10-07T10:09:55.000Z";"100";"18";"false"
"15401601";"30077";"30";"20";"0003/ 037C00572";"2019-10-07T10:09:57.000Z";"100";"0";"false"
"15401663";"30351";"30";"20";"0001/ 014C01522";"2019-10-07T10:10:57.000Z";"45";"0";"false"
"15401689";"30326";"30";"20";"0001/ 002C01581";"2019-10-07T10:12:24.000Z";"97";"7";"false"
"15401774";"30330";"30";"20";"0001/ 024C1571";"2019-10-07T10:20:09.000Z";"52";"6";"false"
"15401838";"29879";"50";"20";"0006/ 001C00182";"2019-10-07T10:35:50.000Z";"100";"26";"false"
"15402127";"29989";"50";"20";"0009/ 156C00333";"2019-10-07T11:00:29.000Z";"99";"23";"false"
"15402177";"29912";"30";"20";"0001/ 027C00051";"2019-10-07T11:00:41.000Z";"75";"5";"false"
"15402335";"29799";"30";"20";"0010/ 252C00424";"2019-10-07T11:02:53.000Z";"91";"27";"false"
"15402839";"30288";"30";"20";"0001/ 012C00653";"2019-10-07T11:54:56.000Z";"67";"18";"false"
"15403302";"30407";"30";"20";"0001/ 004C01602";"2019-10-07T12:01:59.000Z";"99";"6";"false"
"15403961";"30343";"30";"20";"0001/ 017C01542";"2019-10-07T12:14:17.000Z";"85";"0";"false"
"15404348";"29953";"30";"20";"0001/ 022C00092";"2019-10-07T13:01:38.000Z";"97";"1";"false"
"15404363";"30334";"30";"20";"0001/ 021C01561";"2019-10-07T13:01:40.000Z";"96";"9";"false"
"15404433";"29960";"30";"20";"0001/ 020C00121";"2019-10-07T13:01:49.000Z";"100";"25";"false"
"15404641";"29999";"30";"20";"0009/ 157C00353";"2019-10-07T13:09:23.000Z";"99";"19";"false"
"15404689";"30076";"50";"20";"0003/ 037C00571";"2019-10-07T13:10:16.000Z";"100";"0";"false"
"15404690";"30051";"30";"20";"0003/ 022C00521";"2019-10-07T13:10:16.000Z";"90";"7";"false"
"15404742";"29943";"40";"20";"0005/ 218C00141";"2019-10-07T13:10:19.000Z";"95";"1";"false"
"15404744";"30347";"30";"20";"0001/ 016C01532";"2019-10-07T13:10:20.000Z";"58";"28";"false"
"15404747";"30080";"30";"20";"0003/ 039C00581";"2019-10-07T13:10:20.000Z";"99";"7";"false"
"15404750";"29946";"30";"20";"0005/ 218C00144";"2019-10-07T13:10:21.000Z";"88";"10";"false"
"15404783";"30055";"50";"20";"0003/ 024C00531";"2019-10-07T13:10:24.000Z";"100";"0";"false"
"15404837";"30028";"30";"20";"0003/ 010C00482";"2019-10-07T13:10:30.000Z";"100";"15";"false"
"15405091";"29789";"30";"20";"0006/ 264C00204";"2019-10-07T13:37:16.000Z";"70";"17";"false"
"15405814";"30338";"30";"20";"0001/ 018C01551";"2019-10-07T14:05:21.000Z";"97";"1";"false"
"15406404";"29895";"30";"20";"0006/ 261C00196";"2019-10-07T15:00:23.000Z";"64";"0";"false"
"15406501";"29928";"30";"20";"0006/ 262C00243";"2019-10-07T15:01:27.000Z";"95";"0";"false"
"15406515";"30370";"50";"20";"0016/ 036C01473";"2019-10-07T15:01:36.000Z";"99";"23";"false"
"15406526";"29883";"40";"20";"0001/ 039C00022";"2019-10-07T15:01:38.000Z";"67";"12";"false"
"15406534";"30371";"50";"20";"0016/ 036C01474";"2019-10-07T15:01:39.000Z";"99";"44";"false"
"15406561";"29925";"30";"20";"0006/ 259C00225";"2019-10-07T15:01:42.000Z";"90";"0";"false"
"15406569";"30372";"30";"20";"0016/ 045C01461";"2019-10-07T15:01:43.000Z";"99";"20";"false"
"15406588";"30377";"30";"20";"0016/ 045C01452";"2019-10-07T15:01:45.000Z";"99";"28";"false"
"15406618";"30364";"40";"30";"0016/ 042C01481";"2019-10-07T15:01:48.000Z";"85";"0";"false"
"15406761";"29940";"30";"20";"0006/ 258C00253";"2019-10-07T15:04:06.000Z";"93";"15";"false"
"15407152";"30400";"30";"20";"0001/ 035C01591";"2019-10-07T15:15:09.000Z";"100";"10";"false"
"15408825";"29974";"30";"20";"0009/ 152C00293";"2019-10-07T17:03:42.000Z";"81";"22";"false"
"15410705";"29821";"40";"20";"0006/ 263C00234";"2019-10-07T18:11:19.000Z";"100";"23";"false"
"15415680";"29869";"30";"20";"0006/ 260C00162";"2019-10-08T05:00:37.000Z";"40";"0";"false"
"15415801";"29882";"40";"20";"0001/ 039C00021";"2019-10-08T05:01:39.000Z";"99";"17";"false"
"15415863";"30287";"30";"20";"0001/ 012C00652";"2019-10-08T05:01:45.000Z";"67";"13";"false"
"15415887";"30327";"30";"20";"0001/ 002C01582";"2019-10-08T05:01:50.000Z";"99";"0";"false"
"15416270";"30103";"30";"20";"0003/ 052C00622";"2019-10-08T05:12:53.000Z";"100";"0";"false"
"15416296";"29950";"30";"20";"0005/ 025C00154";"2019-10-08T05:12:55.000Z";"55";"0";"false"
"15416436";"29927";"30";"20";"0006/ 262C00242";"2019-10-08T05:19:50.000Z";"100";"0";"false"
"15416601";"30064";"30";"20";"0003/ 035C00551";"2019-10-08T05:39:05.000Z";"100";"11";"false"
"15416606";"30116";"30";"20";"0003/ 084C00644";"2019-10-08T05:39:07.000Z";"100";"5";"false"
"15417193";"30113";"30";"20";"0003/ 084C00641";"2019-10-08T06:01:42.000Z";"29";"8";"false"
"15417540";"30040";"30";"20";"0003/ 013C00502";"2019-10-08T06:05:24.000Z";"100";"0";"false"
"15417974";"30106";"30";"20";"0003/ 076C00631";"2019-10-08T06:12:54.000Z";"63";"5";"false"
"15418010";"30066";"50";"20";"0003/ 035C00553";"2019-10-08T06:12:57.000Z";"100";"20";"false"
"15418114";"29878";"50";"20";"0006/ 001C00181";"2019-10-08T06:13:08.000Z";"64";"7";"false"
"15418285";"30034";"30";"20";"0003/ 012C00493";"2019-10-08T06:20:42.000Z";"100";"0";"false"
"15418304";"30060";"50";"20";"0003/ 030C00542";"2019-10-08T06:25:45.000Z";"99";"36";"false"
"15418762";"29897";"50";"20";"0001/ 038C00042";"2019-10-08T07:09:08.000Z";"100";"21";"false"
"15419408";"30046";"50";"20";"0003/ 014C00513";"2019-10-08T08:00:46.000Z";"100";"12";"false"
"15420902";"29932";"50";"20";"0001/ 009C00081";"2019-10-08T10:01:37.000Z";"100";"32";"false"
"15420915";"30335";"30";"20";"0001/ 021C01562";"2019-10-08T10:01:39.000Z";"90";"7";"false"
"15421007";"30093";"30";"20";"0003/ 041C00604";"2019-10-08T10:01:50.000Z";"99";"16";"false"
"15421277";"30032";"30";"20";"0003/ 012C00491";"2019-10-08T10:13:36.000Z";"100";"3";"false"
"15421308";"29915";"30";"20";"0001/ 013C00062";"2019-10-08T10:13:38.000Z";"33";"7";"false"
"15421374";"29916";"30";"20";"0001/ 013C00063";"2019-10-08T10:13:43.000Z";"59";"13";"false"
"15421375";"29903";"30";"20";"0005/ 003C00134";"2019-10-08T10:13:44.000Z";"66";"3";"false"
"15421466";"30039";"30";"20";"0003/ 013C00501";"2019-10-08T10:18:57.000Z";"100";"6";"false"
"15421574";"30044";"30";"20";"0003/ 014C00511";"2019-10-08T10:39:58.000Z";"100";"21";"false"
"15421577";"30065";"30";"20";"0003/ 035C00552";"2019-10-08T10:40:03.000Z";"100";"14";"false"
"15421857";"30166";"30";"20";"0008/ 080C01395";"2019-10-08T11:00:42.000Z";"63";"29";"false"
"15424037";"30071";"30";"20";"0003/ 036C00563";"2019-10-08T13:01:38.000Z";"55";"21";"false"
"15424115";"30069";"30";"20";"0003/ 036C00561";"2019-10-08T13:01:47.000Z";"100";"10";"false"
"15424118";"30107";"30";"20";"0003/ 076C00632";"2019-10-08T13:01:47.000Z";"40";"18";"false"
"15424537";"30114";"30";"20";"0003/ 084C00642";"2019-10-08T13:14:10.000Z";"51";"14";"false"
"15424677";"30091";"30";"20";"0003/ 041C00602";"2019-10-08T13:23:11.000Z";"90";"8";"false"
"15426577";"30053";"30";"20";"0003/ 022C00523";"2019-10-08T15:14:17.000Z";"56";"0";"false"
"15426590";"30059";"50";"20";"0003/ 030C00541";"2019-10-08T15:14:19.000Z";"100";"8";"false"
"15438894";"29910";"30";"20";"0007/ 067C00403";"2019-10-09T05:00:39.000Z";"44";"7";"false"
"15438970";"29911";"30";"20";"0007/ 067C00404";"2019-10-09T05:01:31.000Z";"47";"6";"false"
"15439457";"29914";"30";"20";"0001/ 013C00061";"2019-10-09T05:16:29.000Z";"36";"14";"false"
"15439464";"29937";"30";"20";"0007/ 022C00414";"2019-10-09T05:16:29.000Z";"100";"5";"false"
"15439497";"30066";"50";"20";"0003/ 035C00553";"2019-10-09T05:16:32.000Z";"56";"22";"false"
"15439500";"29915";"30";"20";"0001/ 013C00062";"2019-10-09T05:16:33.000Z";"76";"7";"false"
"15439563";"29936";"30";"20";"0007/ 022C00413";"2019-10-09T05:16:38.000Z";"97";"2";"false"
"15439565";"29805";"30";"20";"0010/ 268C00464";"2019-10-09T05:16:38.000Z";"85";"7";"false"
"15439572";"30029";"50";"20";"0003/ 010C00483";"2019-10-09T05:16:39.000Z";"97";"18";"false"
"15440373";"29884";"30";"20";"0001/ 039C00023";"2019-10-09T06:01:41.000Z";"73";"6";"false"
"15440419";"30406";"30";"20";"0001/ 004C01601";"2019-10-09T06:01:44.000Z";"73";"2";"false"
"15440427";"29888";"30";"20";"0001/ 040C00033";"2019-10-09T06:01:45.000Z";"73";"5";"false"
"15441326";"29835";"50";"20";"0010/ 265C00456";"2019-10-09T06:16:41.000Z";"98";"11";"false"
"15441358";"29904";"40";"20";"0006/ 016C00211";"2019-10-09T06:16:45.000Z";"100";"3";"false"
"15441435";"29916";"30";"20";"0001/ 013C00063";"2019-10-09T06:16:53.000Z";"27";"3";"false"
"15441443";"29878";"50";"20";"0006/ 001C00181";"2019-10-09T06:16:53.000Z";"67";"3";"false"
"15441444";"29821";"40";"20";"0006/ 263C00234";"2019-10-09T06:16:54.000Z";"77";"13";"false"
"15441563";"29879";"50";"20";"0006/ 001C00182";"2019-10-09T06:42:47.000Z";"89";"1";"false"
"15441568";"29804";"30";"20";"0010/ 268C00463";"2019-10-09T06:42:54.000Z";"94";"13";"false"
"15441585";"29875";"50";"20";"0006/ 012C00172";"2019-10-09T06:42:58.000Z";"100";"27";"false"
"15441795";"30407";"30";"20";"0001/ 004C01602";"2019-10-09T07:01:57.000Z";"91";"0";"false"
"15442089";"29820";"30";"20";"0006/ 263C00233";"2019-10-09T07:15:24.000Z";"100";"15";"false"
"15442427";"29895";"30";"20";"0006/ 261C00196";"2019-10-09T08:00:21.000Z";"46";"0";"false"
"15442606";"30409";"30";"20";"0001/ 004C01604";"2019-10-09T08:00:43.000Z";"53";"0";"false"
"15442647";"29928";"30";"20";"0006/ 262C00243";"2019-10-09T08:01:24.000Z";"59";"0";"false"
"15442990";"30168";"30";"20";"0008/ 075C01401";"2019-10-09T08:57:28.000Z";"75";"22";"false"
"15442998";"30138";"30";"20";"0008/ 067C01345";"2019-10-09T08:58:40.000Z";"99";"29";"false"
"15444124";"30365";"30";"20";"0016/ 042C01482";"2019-10-09T10:01:36.000Z";"77";"3";"false"
"15444135";"30335";"30";"20";"0001/ 021C01562";"2019-10-09T10:01:38.000Z";"99";"0";"false"
"15444138";"30349";"30";"20";"0001/ 016C01534";"2019-10-09T10:01:38.000Z";"99";"0";"false"
"15444148";"29958";"30";"20";"0001/ 003C00113";"2019-10-09T10:01:39.000Z";"96";"0";"false"
"15444167";"30405";"30";"20";"0001/ 035C01596";"2019-10-09T10:01:42.000Z";"91";"0";"false"
"15444172";"29961";"50";"20";"0001/ 020C00122";"2019-10-09T10:01:42.000Z";"100";"42";"false"
"15444208";"30364";"40";"30";"0016/ 042C01481";"2019-10-09T10:01:47.000Z";"75";"33";"false"
"15444484";"30112";"30";"20";"0003/ 076C00637";"2019-10-09T10:17:15.000Z";"55";"0";"false"
"15444519";"29823";"30";"20";"0006/ 263C00231";"2019-10-09T10:17:19.000Z";"80";"20";"false"
"15444537";"29943";"40";"20";"0005/ 218C00141";"2019-10-09T10:17:22.000Z";"37";"1";"false"
"15444545";"29876";"50";"20";"0006/ 012C00173";"2019-10-09T10:17:22.000Z";"95";"19";"false"
"15444573";"29786";"30";"20";"0006/ 264C00201";"2019-10-09T10:17:24.000Z";"55";"16";"false"
"15444584";"30030";"30";"20";"0003/ 010C00484";"2019-10-09T10:17:25.000Z";"67";"0";"false"
"15444594";"29900";"30";"20";"0005/ 003C00131";"2019-10-09T10:17:26.000Z";"92";"0";"false"
"15444608";"30099";"30";"20";"0003/ 043C00613";"2019-10-09T10:17:27.000Z";"85";"0";"false"
"15444612";"29822";"30";"20";"0006/ 263C00232";"2019-10-09T10:17:28.000Z";"89";"19";"false"
"15444620";"30082";"30";"20";"0003/ 039C00583";"2019-10-09T10:17:29.000Z";"96";"0";"false"
"15444629";"30078";"30";"20";"0003/ 037C00573";"2019-10-09T10:17:30.000Z";"31";"0";"false"
"15444681";"30333";"30";"20";"0001/ 024C01574";"2019-10-09T10:22:39.000Z";"97";"0";"false"
"15444702";"30341";"30";"20";"0001/ 018C01554";"2019-10-09T10:26:39.000Z";"38";"0";"false"
"15444703";"30348";"30";"20";"0001/ 016C01533";"2019-10-09T10:26:53.000Z";"95";"0";"false"
"15444767";"29949";"50";"20";"0005/ 025C00153";"2019-10-09T10:43:28.000Z";"99";"7";"false"
"15444776";"29789";"30";"20";"0006/ 264C00204";"2019-10-09T10:43:35.000Z";"52";"11";"false"
"15444799";"30111";"30";"20";"0003/ 076C00636";"2019-10-09T10:43:40.000Z";"56";"0";"false"
"15445113";"30024";"30";"20";"0010/ 264C00443";"2019-10-09T11:00:49.000Z";"83";"0";"false"
"15446922";"30343";"30";"20";"0001/ 017C01542";"2019-10-09T12:21:48.000Z";"52";"0";"false"
"15447036";"29939";"30";"20";"0006/ 258C00252";"2019-10-09T12:58:06.000Z";"100";"29";"false"
"15447784";"29946";"30";"20";"0005/ 218C00144";"2019-10-09T13:17:50.000Z";"49";"12";"false"
"15447869";"30100";"30";"20";"0003/ 043C00614";"2019-10-09T13:18:01.000Z";"59";"0";"false"
"15449909";"29914";"30";"20";"0001/ 013C00061";"2019-10-09T15:18:04.000Z";"51";"0";"false"
"15449981";"30068";"30";"20";"0003/ 035C00555";"2019-10-09T15:18:11.000Z";"48";"0";"false"
"15450989";"30338";"30";"20";"0001/ 018C01551";"2019-10-09T16:05:21.000Z";"47";"24";"false"
"15459080";"30352";"30";"20";"0001/ 014C01523";"2019-10-10T04:57:58.000Z";"52";"0";"false"
"15459318";"29887";"50";"20";"0001/ 040C00032";"2019-10-10T05:01:41.000Z";"99";"10";"false"
"15459319";"29883";"40";"20";"0001/ 039C00022";"2019-10-10T05:01:41.000Z";"80";"10";"false"
"15459329";"29920";"30";"20";"0001/ 037C00072";"2019-10-10T05:01:42.000Z";"85";"6";"false"
"15459341";"29886";"30";"40";"0001/ 040C00031";"2019-10-10T05:01:45.000Z";"70";"7";"false"
"15459346";"30287";"30";"20";"0001/ 012C00652";"2019-10-10T05:01:46.000Z";"74";"14";"false"
"15459361";"29885";"30";"40";"0001/ 039C00024";"2019-10-10T05:01:49.000Z";"66";"7";"false"
"15459368";"30327";"30";"20";"0001/ 002C01582";"2019-10-10T05:01:51.000Z";"99";"0";"false"
"15459766";"30085";"30";"20";"0003/ 040C00591";"2019-10-10T05:20:11.000Z";"80";"8";"false"
"15459799";"30086";"30";"20";"0003/ 040C00592";"2019-10-10T05:20:16.000Z";"100";"22";"false"
"15459815";"30150";"30";"20";"0008/ 044C01371";"2019-10-10T05:20:17.000Z";"32";"0";"false"
"15459840";"30081";"30";"20";"0003/ 039C00582";"2019-10-10T05:20:20.000Z";"100";"15";"false"
"15459925";"29821";"40";"20";"0006/ 263C00234";"2019-10-10T05:20:29.000Z";"56";"15";"false"
"15459943";"30351";"30";"20";"0001/ 014C01522";"2019-10-10T05:21:26.000Z";"32";"0";"false"
"15459952";"30326";"30";"20";"0001/ 002C01581";"2019-10-10T05:22:52.000Z";"98";"1";"false"
"15460107";"29879";"50";"20";"0006/ 001C00182";"2019-10-10T05:46:18.000Z";"39";"2";"false"
"15460620";"29913";"50";"20";"0001/ 027C00052";"2019-10-10T06:01:29.000Z";"98";"26";"false"
"15460654";"29932";"50";"20";"0001/ 009C00081";"2019-10-10T06:01:37.000Z";"100";"9";"false"
"15460689";"30331";"50";"20";"0001/ 024C01572";"2019-10-10T06:01:41.000Z";"99";"0";"false"
"15461547";"30404";"30";"20";"0001/ 035C01595";"2019-10-10T06:16:16.000Z";"72";"0";"false"
"15461878";"29906";"30";"20";"0006/ 016C00213";"2019-10-10T06:46:42.000Z";"79";"0";"false"
"15461883";"29907";"30";"20";"0006/ 016C00214";"2019-10-10T06:46:43.000Z";"45";"7";"false"
"15461943";"30408";"30";"20";"0001/ 004C01603";"2019-10-10T06:58:37.000Z";"98";"0";"false"
"15462289";"29897";"50";"20";"0001/ 038C00042";"2019-10-10T07:09:07.000Z";"90";"21";"false"
"15462291";"29899";"30";"20";"0001/ 038C00044";"2019-10-10T07:09:28.000Z";"100";"3";"false"
"15462911";"29912";"30";"20";"0001/ 027C00051";"2019-10-10T08:00:40.000Z";"56";"6";"false"
"15462937";"29957";"30";"20";"0001/ 003C00112";"2019-10-10T08:00:44.000Z";"26";"0";"false"
"15463063";"30340";"30";"20";"0001/ 018C01553";"2019-10-10T08:03:42.000Z";"83";"0";"false"
"15463151";"30402";"30";"20";"0001/ 035C01593";"2019-10-10T08:07:52.000Z";"67";"0";"false"
"15464474";"29908";"30";"20";"0007/ 055C00401";"2019-10-10T10:01:25.000Z";"95";"12";"false"
"15464509";"29953";"30";"20";"0001/ 022C00092";"2019-10-10T10:01:38.000Z";"90";"9";"false"
"15464523";"30334";"30";"20";"0001/ 021C01561";"2019-10-10T10:01:40.000Z";"99";"22";"false"
"15464569";"29960";"30";"20";"0001/ 020C00121";"2019-10-10T10:01:45.000Z";"100";"22";"false"
"15464572";"29952";"40";"20";"0001/ 022C00091";"2019-10-10T10:01:45.000Z";"100";"25";"false"
"15464600";"30344";"30";"20";"0001/ 017C01543";"2019-10-10T10:01:59.000Z";"96";"0";"false"
"15464623";"30403";"30";"20";"0001/ 035C01594";"2019-10-10T10:02:03.000Z";"65";"0";"false"
"15464881";"29801";"50";"20";"0010/ 252C00426";"2019-10-10T10:21:02.000Z";"92";"25";"false"
"15464885";"30076";"50";"20";"0003/ 037C00571";"2019-10-10T10:21:02.000Z";"100";"1";"false"
"15464887";"30098";"30";"20";"0003/ 043C00612";"2019-10-10T10:21:02.000Z";"100";"12";"false"
"15464926";"30080";"30";"20";"0003/ 039C00581";"2019-10-10T10:21:06.000Z";"99";"5";"false"
"15464932";"30347";"30";"20";"0001/ 016C01532";"2019-10-10T10:21:07.000Z";"98";"0";"false"
"15464967";"30055";"50";"20";"0003/ 024C00531";"2019-10-10T10:21:10.000Z";"92";"3";"false"
"15464992";"29877";"30";"20";"0006/ 012C00174";"2019-10-10T10:21:12.000Z";"44";"0";"false"
"15465005";"30077";"30";"20";"0003/ 037C00572";"2019-10-10T10:21:13.000Z";"100";"7";"false"
"15465018";"30028";"30";"20";"0003/ 010C00482";"2019-10-10T10:21:17.000Z";"97";"15";"false"
"15465098";"30330";"30";"20";"0001/ 024C1571";"2019-10-10T10:31:25.000Z";"45";"0";"false"
"15465614";"29799";"30";"20";"0010/ 252C00424";"2019-10-10T11:02:50.000Z";"99";"25";"false"
"15468074";"30400";"30";"20";"0001/ 035C01591";"2019-10-10T13:15:10.000Z";"82";"11";"false"
"15468155";"29881";"30";"20";"0006/ 001C00184";"2019-10-10T13:21:30.000Z";"100";"0";"false"
"15468178";"30051";"30";"20";"0003/ 022C00521";"2019-10-10T13:21:32.000Z";"37";"14";"false"
"15471177";"30036";"30";"20";"0003/ 012C00495";"2019-10-10T16:00:45.000Z";"56";"0";"false"
"15471396";"30338";"30";"20";"0001/ 018C01551";"2019-10-10T16:05:20.000Z";"97";"25";"false"
"15473203";"30342";"30";"20";"0001/ 017C01541";"2019-10-10T18:01:39.000Z";"67";"30";"false"
"15474103";"30053";"30";"20";"0003/ 022C00523";"2019-10-10T18:22:14.000Z";"55";"0";"false"
"15474371";"30175";"30";"20";"0008/ 276C01414";"2019-10-10T18:33:55.000Z";"37";"5";"false"
"15478981";"29993";"30";"20";"0009/ 163C00342";"2019-10-11T04:58:17.000Z";"98";"13";"false"
"15479124";"30134";"30";"20";"0008/ 067C01341";"2019-10-11T05:01:19.000Z";"74";"18";"false"
"15479157";"29932";"50";"20";"0001/ 009C00081";"2019-10-11T05:01:35.000Z";"85";"27";"false"
"15479159";"30335";"30";"20";"0001/ 021C01562";"2019-10-11T05:01:36.000Z";"99";"0";"false"
"15479173";"30346";"30";"20";"0001/ 016C01531";"2019-10-11T05:01:38.000Z";"99";"2";"false"
"15479206";"29983";"50";"20";"0009/ 155C00322";"2019-10-11T05:01:40.000Z";"68";"31";"false"
"15479674";"29826";"30";"20";"0009/ 003C00263";"2019-10-11T05:23:57.000Z";"100";"18";"false"
"15479678";"29914";"30";"20";"0001/ 013C00061";"2019-10-11T05:23:58.000Z";"100";"10";"false"
"15479708";"29937";"30";"20";"0007/ 022C00414";"2019-10-11T05:24:00.000Z";"98";"1";"false"
"15479718";"29835";"50";"20";"0010/ 265C00456";"2019-10-11T05:24:01.000Z";"83";"11";"false"
"15479735";"29905";"40";"20";"0006/ 016C00212";"2019-10-11T05:24:02.000Z";"92";"1";"false"
"15479737";"29876";"50";"20";"0006/ 012C00173";"2019-10-11T05:24:02.000Z";"65";"3";"false"
"15479739";"29915";"30";"20";"0001/ 013C00062";"2019-10-11T05:24:03.000Z";"100";"21";"false"
"15479761";"29904";"40";"20";"0006/ 016C00211";"2019-10-11T05:24:06.000Z";"100";"1";"false"
"15479802";"29900";"30";"20";"0005/ 003C00131";"2019-10-11T05:24:08.000Z";"73";"0";"false"
"15479803";"29936";"30";"20";"0007/ 022C00413";"2019-10-11T05:24:08.000Z";"100";"5";"false"
"15479820";"29916";"30";"20";"0001/ 013C00063";"2019-10-11T05:24:10.000Z";"100";"1";"false"
"15479823";"29903";"30";"20";"0005/ 003C00134";"2019-10-11T05:24:10.000Z";"94";"5";"false"
"15479829";"29950";"30";"20";"0005/ 025C00154";"2019-10-11T05:24:11.000Z";"58";"0";"false"
"15479844";"29878";"50";"20";"0006/ 001C00181";"2019-10-11T05:24:14.000Z";"99";"13";"false"
"15479879";"30350";"30";"20";"0001/ 014C01521";"2019-10-11T05:26:38.000Z";"98";"0";"false"
"15480005";"29949";"50";"20";"0005/ 025C00153";"2019-10-11T05:50:10.000Z";"58";"4";"false"
"15480022";"29875";"50";"20";"0006/ 012C00172";"2019-10-11T05:50:19.000Z";"100";"8";"false"
"15480038";"30044";"30";"20";"0003/ 014C00511";"2019-10-11T05:50:26.000Z";"100";"8";"false"
"15480042";"30065";"30";"20";"0003/ 035C00552";"2019-10-11T05:50:31.000Z";"86";"12";"false"
"15480503";"29867";"50";"20";"0001/ 032C00012";"2019-10-11T06:01:35.000Z";"84";"14";"false"
"15480507";"30003";"50";"20";"0009/ 158C00362";"2019-10-11T06:01:35.000Z";"93";"14";"false"
"15480572";"29882";"40";"20";"0001/ 039C00021";"2019-10-11T06:01:42.000Z";"100";"9";"false"
"15480595";"30069";"30";"20";"0003/ 036C00561";"2019-10-11T06:01:46.000Z";"50";"20";"false"
"15480621";"29962";"50";"20";"0009/ 148C00271";"2019-10-11T06:01:48.000Z";"100";"10";"false"
"15480633";"30327";"30";"20";"0001/ 002C01582";"2019-10-11T06:01:52.000Z";"75";"1";"false"
"15481450";"29948";"50";"20";"0005/ 025C00152";"2019-10-11T06:23:28.000Z";"100";"16";"false"
"15481475";"29832";"30";"20";"0010/ 265C00453";"2019-10-11T06:24:09.000Z";"79";"25";"false"
"15481532";"30032";"30";"20";"0003/ 012C00491";"2019-10-11T06:24:14.000Z";"89";"9";"false"
"15481944";"30407";"30";"20";"0001/ 004C01602";"2019-10-11T07:01:54.000Z";"72";"0";"false"
"15482285";"30039";"30";"20";"0003/ 013C00501";"2019-10-11T07:18:57.000Z";"63";"17";"false"
"15482477";"30017";"50";"20";"0009/ 161C00391";"2019-10-11T07:57:39.000Z";"99";"33";"false"
"15482628";"29989";"50";"20";"0009/ 156C00333";"2019-10-11T08:00:24.000Z";"100";"9";"false"
"15482707";"30360";"30";"20";"0016/ 039C01503";"2019-10-11T08:00:33.000Z";"99";"25";"false"
"15482750";"29868";"30";"20";"0006/ 260C00161";"2019-10-11T08:00:39.000Z";"65";"0";"false"
"15482780";"29894";"30";"20";"0006/ 261C00195";"2019-10-11T08:00:43.000Z";"100";"0";"false"
"15482809";"30176";"30";"20";"0008/ 276C01415";"2019-10-11T08:01:00.000Z";"46";"24";"false"
"15482857";"29963";"30";"20";"0009/ 148C00272";"2019-10-11T08:02:15.000Z";"100";"8";"false"
"15482860";"30009";"50";"20";"0009/ 159C00373";"2019-10-11T08:02:31.000Z";"99";"11";"false"
"15482942";"29924";"30";"20";"0006/ 259C00224";"2019-10-11T08:06:06.000Z";"94";"23";"false"
"15482960";"30124";"40";"20";"0008/ 226C01321";"2019-10-11T08:07:29.000Z";"97";"0";"false"
"15483087";"29927";"30";"20";"0006/ 262C00242";"2019-10-11T08:31:31.000Z";"100";"0";"false"
"15483246";"29969";"30";"20";"0009/ 151C00283";"2019-10-11T09:00:31.000Z";"99";"2";"false"
"15483260";"30173";"30";"20";"0008/ 276C01412";"2019-10-11T09:00:59.000Z";"96";"24";"false"
"15483491";"29891";"30";"20";"0006/ 261C00192";"2019-10-11T09:07:26.000Z";"46";"21";"false"
"15483899";"30401";"30";"20";"0001/ 035C01592";"2019-10-11T09:56:56.000Z";"74";"5";"false"
"15484267";"30135";"30";"20";"0008/ 067C01342";"2019-10-11T10:01:20.000Z";"90";"29";"false"
"15484282";"30095";"30";"20";"0003/ 041C00606";"2019-10-11T10:01:35.000Z";"52";"7";"false"
"15484309";"30012";"30";"20";"0009/ 160C00381";"2019-10-11T10:01:39.000Z";"100";"28";"false"
"15484718";"30059";"50";"20";"0003/ 030C00541";"2019-10-11T10:24:49.000Z";"74";"12";"false"
"15484724";"30119";"30";"20";"0003/ 084C00647";"2019-10-11T10:24:50.000Z";"86";"0";"false"
"15484725";"30066";"50";"20";"0003/ 035C00553";"2019-10-11T10:24:50.000Z";"86";"26";"false"
"15484735";"30041";"30";"10";"0003/ 013C00503";"2019-10-11T10:24:51.000Z";"71";"7";"false"
"15484740";"29943";"40";"20";"0005/ 218C00141";"2019-10-11T10:24:52.000Z";"77";"19";"false"
"15484741";"29946";"30";"20";"0005/ 218C00144";"2019-10-11T10:24:52.000Z";"100";"20";"false"
"15484764";"30103";"30";"20";"0003/ 052C00622";"2019-10-11T10:24:54.000Z";"61";"11";"false"
"15484810";"30029";"50";"20";"0003/ 010C00483";"2019-10-11T10:24:57.000Z";"92";"18";"false"
"15484831";"30056";"30";"20";"0003/ 024C00532";"2019-10-11T10:24:59.000Z";"67";"6";"false"
"15484908";"30091";"30";"20";"0003/ 041C00602";"2019-10-11T10:33:58.000Z";"73";"10";"false"
"15484981";"30061";"30";"20";"0003/ 030C00543";"2019-10-11T10:50:58.000Z";"94";"18";"false"
"15484995";"29947";"30";"20";"0005/ 025C00151";"2019-10-11T10:51:01.000Z";"100";"5";"false"
"15485018";"30116";"30";"20";"0003/ 084C00644";"2019-10-11T10:51:10.000Z";"100";"7";"false"
"15485019";"30064";"30";"20";"0003/ 035C00551";"2019-10-11T10:51:10.000Z";"42";"8";"false"
"15485025";"30048";"30";"20";"0003/ 014C00515";"2019-10-11T10:51:11.000Z";"96";"0";"false"
"15485110";"29939";"30";"20";"0006/ 258C00252";"2019-10-11T10:58:03.000Z";"50";"18";"false"
"15485304";"30096";"30";"20";"0003/ 041C00607";"2019-10-11T11:00:48.000Z";"46";"6";"false"
"15485306";"30046";"50";"20";"0003/ 014C00513";"2019-10-11T11:00:48.000Z";"100";"12";"false"
"15485830";"30040";"30";"20";"0003/ 013C00502";"2019-10-11T11:17:28.000Z";"90";"11";"false"
"15487460";"30071";"30";"20";"0003/ 036C00563";"2019-10-11T13:01:38.000Z";"78";"11";"false"
"15487507";"30049";"30";"20";"0003/ 014C00516";"2019-10-11T13:01:43.000Z";"67";"9";"false"
"15487551";"30073";"30";"20";"0003/ 036C00565";"2019-10-11T13:01:49.000Z";"44";"9";"false"
"15487564";"30093";"30";"20";"0003/ 041C00604";"2019-10-11T13:01:53.000Z";"100";"8";"false"
"15487657";"30121";"30";"20";"0008/ 043C00872";"2019-10-11T13:05:34.000Z";"99";"20";"false"
"15487927";"30106";"30";"20";"0003/ 076C00631";"2019-10-11T13:25:16.000Z";"46";"5";"false"
"15488051";"30057";"30";"20";"0003/ 024C00533";"2019-10-11T13:25:31.000Z";"56";"0";"false"
"15488103";"30034";"30";"20";"0003/ 012C00493";"2019-10-11T13:33:04.000Z";"100";"20";"false"
"15488214";"30111";"30";"20";"0003/ 076C00636";"2019-10-11T13:51:40.000Z";"58";"0";"false"
"15494074";"30060";"50";"20";"0003/ 030C00542";"2019-10-11T18:38:56.000Z";"60";"37";"false"
"15497892";"30339";"30";"20";"0001/ 018C01552";"2019-10-12T03:04:32.000Z";"50";"23";"false"
"15498760";"29796";"30";"20";"0010/ 252C00421";"2019-10-12T05:00:00.000Z";"61";"25";"false"
"15498896";"29911";"30";"20";"0007/ 067C00404";"2019-10-12T05:01:30.000Z";"87";"4";"false"
"15498923";"29953";"30";"20";"0001/ 022C00092";"2019-10-12T05:01:37.000Z";"75";"4";"false"
"15498940";"30334";"30";"20";"0001/ 021C01561";"2019-10-12T05:01:39.000Z";"80";"2";"false"
"15498944";"29933";"30";"20";"0001/ 009C00082";"2019-10-12T05:01:39.000Z";"100";"6";"false"
"15498957";"29909";"30";"20";"0007/ 055C00402";"2019-10-12T05:01:40.000Z";"100";"5";"false"
"15499001";"29888";"30";"20";"0001/ 040C00033";"2019-10-12T05:01:45.000Z";"100";"4";"false"
"15499527";"30347";"30";"20";"0001/ 016C01532";"2019-10-12T05:27:50.000Z";"88";"0";"false"
"15499542";"30103";"30";"20";"0003/ 052C00622";"2019-10-12T05:27:52.000Z";"31";"0";"false"
"15499636";"30326";"30";"20";"0001/ 002C01581";"2019-10-12T05:30:22.000Z";"71";"1";"false"
"15499693";"30330";"30";"20";"0001/ 024C1571";"2019-10-12T05:38:07.000Z";"70";"0";"false"
"15500317";"29920";"30";"20";"0001/ 037C00072";"2019-10-12T06:01:39.000Z";"67";"6";"false"
"15500318";"29955";"40";"20";"0001/ 001C00102";"2019-10-12T06:01:39.000Z";"100";"0";"false"
"15500361";"29866";"50";"15";"0001/ 032C00011";"2019-10-12T06:01:41.000Z";"100";"9";"false"
"15500420";"29958";"30";"20";"0001/ 003C00113";"2019-10-12T06:01:43.000Z";"90";"0";"false"
"15500467";"30119";"30";"20";"0003/ 084C00647";"2019-10-12T06:01:44.000Z";"44";"0";"false"
"15500524";"30406";"30";"20";"0001/ 004C01601";"2019-10-12T06:01:48.000Z";"96";"0";"false"
"15501716";"30407";"30";"20";"0001/ 004C01602";"2019-10-12T07:01:53.000Z";"100";"0";"false"
"15501971";"30288";"30";"20";"0001/ 012C00653";"2019-10-12T07:12:54.000Z";"70";"19";"false"
"15502497";"29869";"30";"20";"0006/ 260C00162";"2019-10-12T08:00:42.000Z";"92";"0";"false"
"15502542";"29928";"30";"20";"0006/ 262C00243";"2019-10-12T08:01:21.000Z";"98";"0";"false"
"15503994";"29925";"30";"20";"0006/ 259C00225";"2019-10-12T10:01:40.000Z";"100";"21";"false"
"15504053";"30335";"30";"20";"0001/ 021C01562";"2019-10-12T10:01:44.000Z";"98";"18";"false"
"15504061";"29952";"40";"20";"0001/ 022C00091";"2019-10-12T10:01:45.000Z";"100";"9";"false"
"15504167";"30067";"30";"20";"0003/ 035C00554";"2019-10-12T10:02:21.000Z";"62";"0";"false"
"15504846";"29895";"30";"20";"0006/ 261C00196";"2019-10-12T11:00:20.000Z";"43";"0";"false"
"15518331";"30002";"30";"20";"0009/ 158C00361";"2019-10-13T05:01:32.000Z";"57";"0";"false"
"15526775";"30053";"30";"20";"0003/ 022C00523";"2019-10-13T13:06:28.000Z";"56";"0";"false"
"15526901";"30112";"30";"20";"0003/ 076C00637";"2019-10-13T13:06:41.000Z";"56";"0";"false"
"15530632";"29796";"30";"20";"0010/ 252C00421";"2019-10-13T17:00:01.000Z";"62";"24";"false"
"15532713";"30149";"30";"20";"0008/ 033C01364";"2019-10-13T18:08:57.000Z";"31";"0";"false"
"15537774";"30162";"30";"20";"0008/ 080C01391";"2019-10-14T04:56:51.000Z";"85";"0";"false"
"15537872";"29910";"30";"20";"0007/ 067C00403";"2019-10-14T05:00:32.000Z";"100";"8";"false"
"15537938";"29908";"30";"20";"0007/ 055C00401";"2019-10-14T05:01:20.000Z";"100";"24";"false"
"15538030";"29887";"50";"20";"0001/ 040C00032";"2019-10-14T05:01:40.000Z";"100";"9";"false"
"15538289";"30288";"30";"20";"0001/ 012C00653";"2019-10-14T05:08:50.000Z";"41";"17";"false"
"15538316";"29937";"30";"20";"0007/ 022C00414";"2019-10-14T05:08:58.000Z";"98";"5";"false"
"15538351";"30081";"30";"20";"0003/ 039C00582";"2019-10-14T05:09:02.000Z";"100";"14";"false"
"15538352";"30086";"30";"20";"0003/ 040C00592";"2019-10-14T05:09:02.000Z";"100";"16";"false"
"15538416";"29914";"30";"20";"0001/ 013C00061";"2019-10-14T05:09:06.000Z";"95";"7";"false"
"15538432";"29936";"30";"20";"0007/ 022C00413";"2019-10-14T05:09:07.000Z";"100";"6";"false"
"15538437";"30085";"30";"20";"0003/ 040C00591";"2019-10-14T05:09:07.000Z";"100";"13";"false"
"15538448";"30150";"30";"20";"0008/ 044C01371";"2019-10-14T05:09:08.000Z";"44";"10";"false"
"15538490";"30029";"50";"20";"0003/ 010C00483";"2019-10-14T05:09:15.000Z";"100";"23";"false"
"15538507";"30351";"30";"20";"0001/ 014C01522";"2019-10-14T05:10:08.000Z";"55";"0";"false"
"15538537";"30350";"30";"20";"0001/ 014C01521";"2019-10-14T05:11:38.000Z";"46";"0";"false"
"15538604";"30400";"30";"20";"0001/ 035C01591";"2019-10-14T05:15:10.000Z";"100";"9";"false"
"15539331";"30003";"50";"20";"0009/ 158C00362";"2019-10-14T06:01:35.000Z";"100";"12";"false"
"15539357";"29883";"40";"20";"0001/ 039C00022";"2019-10-14T06:01:37.000Z";"100";"6";"false"
"15539430";"29958";"30";"20";"0001/ 003C00113";"2019-10-14T06:01:43.000Z";"65";"0";"false"
"15539447";"30287";"30";"20";"0001/ 012C00652";"2019-10-14T06:01:46.000Z";"99";"23";"false"
"15539460";"30406";"30";"20";"0001/ 004C01601";"2019-10-14T06:01:47.000Z";"65";"2";"false"
"15539474";"29954";"30";"20";"0001/ 001C00101";"2019-10-14T06:01:52.000Z";"98";"21";"false"
"15539476";"30327";"30";"20";"0001/ 002C01582";"2019-10-14T06:01:52.000Z";"99";"1";"false"
"15540038";"29947";"30";"20";"0005/ 025C00151";"2019-10-14T06:09:06.000Z";"100";"2";"false"
"15540071";"30056";"30";"20";"0003/ 024C00532";"2019-10-14T06:09:11.000Z";"93";"5";"false"
"15540072";"29915";"30";"20";"0001/ 013C00062";"2019-10-14T06:09:11.000Z";"100";"4";"false"
"15540077";"29949";"50";"20";"0005/ 025C00153";"2019-10-14T06:09:12.000Z";"100";"9";"false"
"15540127";"29900";"30";"20";"0005/ 003C00131";"2019-10-14T06:09:14.000Z";"96";"3";"false"
"15540136";"29948";"50";"20";"0005/ 025C00152";"2019-10-14T06:09:15.000Z";"100";"0";"false"
"15540148";"29826";"30";"20";"0009/ 003C00263";"2019-10-14T06:09:16.000Z";"100";"18";"false"
"15540213";"30100";"30";"20";"0003/ 043C00614";"2019-10-14T06:09:23.000Z";"59";"0";"false"
"15540518";"30330";"30";"20";"0001/ 024C1571";"2019-10-14T06:19:30.000Z";"78";"0";"false"
"15540582";"29903";"30";"20";"0005/ 003C00134";"2019-10-14T06:35:34.000Z";"100";"5";"false"
"15540587";"29916";"30";"20";"0001/ 013C00063";"2019-10-14T06:35:35.000Z";"100";"2";"false"
"15540622";"30401";"30";"20";"0001/ 035C01592";"2019-10-14T06:56:53.000Z";"99";"0";"false"
"15540753";"29879";"50";"20";"0006/ 001C00182";"2019-10-14T07:01:28.000Z";"84";"1";"false"
"15541127";"30007";"30";"20";"0009/ 159C00371";"2019-10-14T07:17:59.000Z";"86";"23";"false"
"15541306";"30017";"50";"20";"0009/ 161C00391";"2019-10-14T07:57:35.000Z";"100";"46";"false"
"15541309";"29939";"30";"20";"0006/ 258C00252";"2019-10-14T07:57:57.000Z";"98";"2";"false"
"15541355";"30172";"30";"20";"0008/ 276C01411";"2019-10-14T08:00:01.000Z";"97";"20";"false"
"15541605";"29894";"30";"20";"0006/ 261C00195";"2019-10-14T08:00:44.000Z";"84";"0";"false"
"15541743";"30121";"30";"20";"0008/ 043C00872";"2019-10-14T08:05:32.000Z";"57";"18";"false"
"15541747";"29862";"40";"20";"0009/ 153C00304";"2019-10-14T08:05:38.000Z";"99";"8";"false"
"15541802";"29979";"50";"20";"0009/ 154C00313";"2019-10-14T08:08:52.000Z";"100";"16";"false"
"15541833";"30343";"30";"20";"0001/ 017C01542";"2019-10-14T08:13:38.000Z";"90";"0";"false"
"15541836";"30143";"50";"20";"0008/ 042C01354";"2019-10-14T08:14:26.000Z";"100";"32";"false"
"15542036";"29969";"30";"20";"0009/ 151C00283";"2019-10-14T09:00:28.000Z";"99";"1";"false"
"15542054";"30173";"30";"20";"0008/ 276C01412";"2019-10-14T09:00:56.000Z";"78";"25";"false"
"15543102";"29932";"50";"20";"0001/ 009C00081";"2019-10-14T10:01:35.000Z";"98";"15";"false"
"15543103";"29911";"30";"20";"0007/ 067C00404";"2019-10-14T10:01:35.000Z";"100";"5";"false"
"15543122";"30342";"30";"20";"0001/ 017C01541";"2019-10-14T10:01:38.000Z";"99";"0";"false"
"15543141";"30334";"30";"20";"0001/ 021C01561";"2019-10-14T10:01:39.000Z";"99";"27";"false"
"15543174";"29909";"30";"20";"0007/ 055C00402";"2019-10-14T10:01:41.000Z";"61";"25";"false"
"15543183";"30364";"40";"30";"0016/ 042C01481";"2019-10-14T10:01:42.000Z";"99";"33";"false"
"15543185";"30012";"30";"20";"0009/ 160C00381";"2019-10-14T10:01:42.000Z";"99";"27";"false"
"15543187";"30335";"30";"20";"0001/ 021C01562";"2019-10-14T10:01:42.000Z";"99";"0";"false"
"15543203";"30004";"50";"20";"0009/ 158C00363";"2019-10-14T10:01:45.000Z";"100";"24";"false"
"15543204";"29960";"30";"20";"0001/ 020C00121";"2019-10-14T10:01:45.000Z";"100";"11";"false"
"15543205";"29952";"40";"20";"0001/ 022C00091";"2019-10-14T10:01:45.000Z";"93";"25";"false"
"15543221";"30331";"50";"20";"0001/ 024C01572";"2019-10-14T10:01:49.000Z";"99";"4";"false"
"15543398";"29789";"30";"20";"0006/ 264C00204";"2019-10-14T10:09:45.000Z";"100";"16";"false"
"15543416";"30347";"30";"20";"0001/ 016C01532";"2019-10-14T10:09:47.000Z";"92";"13";"false"
"15543437";"30097";"30";"20";"0003/ 043C00611";"2019-10-14T10:09:50.000Z";"100";"12";"false"
"15543479";"29875";"50";"20";"0006/ 012C00172";"2019-10-14T10:09:52.000Z";"100";"33";"false"
"15543499";"29876";"50";"20";"0006/ 012C00173";"2019-10-14T10:09:54.000Z";"99";"7";"false"
"15543520";"29821";"40";"20";"0006/ 263C00234";"2019-10-14T10:09:56.000Z";"100";"12";"false"
"15543792";"29905";"40";"20";"0006/ 016C00212";"2019-10-14T10:36:04.000Z";"100";"18";"false"
"15543794";"29827";"50";"20";"0009/ 003C00264";"2019-10-14T10:36:07.000Z";"100";"35";"false"
"15543817";"30077";"30";"20";"0003/ 037C00572";"2019-10-14T10:36:15.000Z";"100";"5";"false"
"15543823";"29878";"50";"20";"0006/ 001C00181";"2019-10-14T10:36:21.000Z";"100";"12";"false"
"15543837";"30126";"30";"20";"0008/ 226C01323";"2019-10-14T10:42:23.000Z";"83";"28";"false"
"15544114";"30127";"30";"20";"0008/ 226C01324";"2019-10-14T11:00:40.000Z";"62";"29";"false"
"15544131";"29869";"30";"20";"0006/ 260C00162";"2019-10-14T11:00:42.000Z";"51";"0";"false"
"15544182";"29928";"30";"20";"0006/ 262C00243";"2019-10-14T11:01:19.000Z";"99";"0";"false"
"15544271";"29799";"30";"20";"0010/ 252C00424";"2019-10-14T11:02:46.000Z";"99";"22";"false"
"15544366";"29940";"30";"20";"0006/ 258C00253";"2019-10-14T11:04:05.000Z";"65";"23";"false"
"15544545";"29999";"30";"20";"0009/ 157C00353";"2019-10-14T11:09:18.000Z";"99";"26";"false"
"15545447";"30339";"30";"20";"0001/ 018C01552";"2019-10-14T12:04:30.000Z";"53";"4";"false"
"15546312";"30371";"50";"20";"0016/ 036C01474";"2019-10-14T13:01:39.000Z";"99";"45";"false"
"15546332";"29925";"30";"20";"0006/ 259C00225";"2019-10-14T13:01:40.000Z";"98";"0";"false"
"15546631";"30051";"30";"20";"0003/ 022C00521";"2019-10-14T13:10:07.000Z";"90";"11";"false"
"15546642";"29946";"30";"20";"0005/ 218C00144";"2019-10-14T13:10:13.000Z";"99";"3";"false"
"15546654";"30055";"50";"20";"0003/ 024C00531";"2019-10-14T13:10:15.000Z";"100";"4";"false"
"15546694";"30080";"30";"20";"0003/ 039C00581";"2019-10-14T13:10:20.000Z";"100";"27";"false"
"15546762";"30076";"50";"20";"0003/ 037C00571";"2019-10-14T13:10:24.000Z";"100";"11";"false"
"15546799";"30028";"30";"20";"0003/ 010C00482";"2019-10-14T13:10:29.000Z";"100";"22";"false"
"15548673";"30009";"50";"20";"0009/ 159C00373";"2019-10-14T15:02:29.000Z";"99";"47";"false"
"15557912";"30287";"30";"20";"0001/ 012C00652";"2019-10-15T05:01:47.000Z";"62";"14";"false"
"15557917";"29867";"50";"20";"0001/ 032C00012";"2019-10-15T05:01:47.000Z";"100";"9";"false"
"15558240";"29831";"30";"20";"0010/ 265C00452";"2019-10-15T05:12:46.000Z";"86";"25";"false"
"15558499";"29927";"30";"20";"0006/ 262C00242";"2019-10-15T05:19:49.000Z";"100";"0";"false"
"15559216";"30136";"30";"20";"0008/ 067C01343";"2019-10-15T06:01:39.000Z";"63";"29";"false"
"15559283";"30148";"30";"20";"0008/ 033C01363";"2019-10-15T06:01:46.000Z";"100";"29";"false"
"15560628";"30407";"30";"20";"0001/ 004C01602";"2019-10-15T07:01:49.000Z";"71";"0";"false"
"15560937";"29820";"30";"20";"0006/ 263C00233";"2019-10-15T07:15:26.000Z";"100";"29";"false"
"15561445";"29868";"30";"20";"0006/ 260C00161";"2019-10-15T08:00:44.000Z";"99";"0";"false"
"15562946";"29913";"50";"20";"0001/ 027C00052";"2019-10-15T10:01:39.000Z";"95";"23";"false"
"15563001";"30130";"30";"20";"0008/ 072C01333";"2019-10-15T10:01:44.000Z";"99";"29";"false"
"15563060";"30331";"50";"20";"0001/ 024C01572";"2019-10-15T10:01:57.000Z";"71";"41";"false"
"15563303";"29829";"30";"20";"0009/ 153C00301";"2019-10-15T10:13:32.000Z";"69";"0";"false"
"15563310";"30103";"30";"20";"0003/ 052C00622";"2019-10-15T10:13:32.000Z";"100";"10";"false"
"15563365";"30057";"30";"20";"0003/ 024C00533";"2019-10-15T10:13:38.000Z";"56";"0";"false"
"15563556";"30328";"30";"20";"0001/ 002C01583";"2019-10-15T10:21:39.000Z";"98";"0";"false"
"15563624";"29903";"30";"20";"0005/ 003C00134";"2019-10-15T10:39:59.000Z";"86";"18";"false"
"15563964";"30046";"50";"20";"0003/ 014C00513";"2019-10-15T11:00:43.000Z";"100";"5";"false"
"15566202";"30071";"30";"20";"0003/ 036C00563";"2019-10-15T13:01:45.000Z";"100";"4";"false"
"15566224";"30093";"30";"20";"0003/ 041C00604";"2019-10-15T13:01:47.000Z";"100";"14";"false"
"15566523";"30040";"30";"20";"0003/ 013C00502";"2019-10-15T13:13:59.000Z";"100";"10";"false"
"15566581";"30116";"30";"20";"0003/ 084C00644";"2019-10-15T13:14:05.000Z";"92";"14";"false"
"15566588";"30066";"50";"20";"0003/ 035C00553";"2019-10-15T13:14:06.000Z";"50";"27";"false"
"15566597";"30064";"30";"20";"0003/ 035C00551";"2019-10-15T13:14:07.000Z";"47";"14";"false"
"15566631";"30106";"30";"20";"0003/ 076C00631";"2019-10-15T13:14:08.000Z";"61";"7";"false"
"15566665";"30059";"50";"20";"0003/ 030C00541";"2019-10-15T13:14:11.000Z";"98";"24";"false"
"15566687";"30114";"30";"20";"0003/ 084C00642";"2019-10-15T13:14:16.000Z";"100";"14";"false"
"15566788";"30039";"30";"20";"0003/ 013C00501";"2019-10-15T13:18:58.000Z";"100";"9";"false"
"15566813";"30034";"30";"20";"0003/ 012C00493";"2019-10-15T13:21:50.000Z";"57";"25";"false"
"15566847";"30060";"50";"20";"0003/ 030C00542";"2019-10-15T13:26:47.000Z";"100";"8";"false"
"15566888";"30032";"30";"20";"0003/ 012C00491";"2019-10-15T13:40:23.000Z";"100";"14";"false"
"15566894";"29795";"30";"20";"0010/ 263C00436";"2019-10-15T13:40:26.000Z";"56";"22";"false"
"15567645";"30044";"30";"20";"0003/ 014C00511";"2019-10-15T14:06:44.000Z";"100";"14";"false"
"15568327";"30069";"30";"20";"0003/ 036C00561";"2019-10-15T15:01:37.000Z";"88";"16";"false"
"15568342";"30107";"30";"20";"0003/ 076C00632";"2019-10-15T15:01:38.000Z";"56";"10";"false"
"15568956";"30091";"30";"20";"0003/ 041C00602";"2019-10-15T15:23:28.000Z";"100";"7";"false"
"15576299";"30339";"30";"20";"0001/ 018C01552";"2019-10-16T03:04:27.000Z";"43";"6";"false"
"15577243";"29910";"30";"20";"0007/ 067C00403";"2019-10-16T05:00:39.000Z";"56";"7";"false"
"15577248";"29889";"30";"20";"0001/ 040C00034";"2019-10-16T05:00:40.000Z";"86";"4";"false"
"15577294";"29908";"30";"20";"0007/ 055C00401";"2019-10-16T05:01:18.000Z";"100";"7";"false"
"15577317";"29911";"30";"20";"0007/ 067C00404";"2019-10-16T05:01:33.000Z";"63";"7";"false"
"15577344";"29884";"30";"20";"0001/ 039C00023";"2019-10-16T05:01:37.000Z";"44";"7";"false"
"15577381";"29958";"30";"20";"0001/ 003C00113";"2019-10-16T05:01:40.000Z";"79";"2";"false"
"15577388";"30131";"30";"20";"0008/ 072C01334";"2019-10-16T05:01:41.000Z";"98";"25";"false"
"15577418";"29933";"30";"20";"0001/ 009C00082";"2019-10-16T05:01:45.000Z";"72";"25";"false"
"15577426";"29888";"30";"20";"0001/ 040C00033";"2019-10-16T05:01:46.000Z";"67";"6";"false"
"15577427";"30406";"30";"20";"0001/ 004C01601";"2019-10-16T05:01:47.000Z";"82";"0";"false"
"15577796";"29937";"30";"20";"0007/ 022C00414";"2019-10-16T05:16:28.000Z";"100";"7";"false"
"15577823";"29915";"30";"20";"0001/ 013C00062";"2019-10-16T05:16:32.000Z";"88";"16";"false"
"15577896";"29936";"30";"20";"0007/ 022C00413";"2019-10-16T05:16:37.000Z";"100";"5";"false"
"15577901";"29914";"30";"20";"0001/ 013C00061";"2019-10-16T05:16:38.000Z";"99";"7";"false"
"15577947";"30029";"50";"20";"0003/ 010C00483";"2019-10-16T05:16:46.000Z";"100";"7";"false"
"15578171";"29916";"30";"20";"0001/ 013C00063";"2019-10-16T05:42:55.000Z";"97";"14";"false"
"15578172";"29805";"30";"20";"0010/ 268C00464";"2019-10-16T05:42:55.000Z";"83";"9";"false"
"15578674";"29959";"30";"20";"0001/ 003C00114";"2019-10-16T06:01:30.000Z";"31";"0";"false"
"15578718";"29882";"40";"20";"0001/ 039C00021";"2019-10-16T06:01:38.000Z";"100";"12";"false"
"15579644";"30056";"30";"20";"0003/ 024C00532";"2019-10-16T06:16:41.000Z";"65";"3";"false"
"15579717";"30050";"30";"20";"0003/ 014C00517";"2019-10-16T06:16:46.000Z";"67";"24";"false"
"15579756";"29821";"40";"20";"0006/ 263C00234";"2019-10-16T06:16:49.000Z";"87";"20";"false"
"15579894";"30389";"40";"20";"0016/ 038C01424";"2019-10-16T06:31:33.000Z";"81";"32";"false"
"15579936";"29905";"40";"20";"0006/ 016C00212";"2019-10-16T06:42:58.000Z";"88";"0";"false"
"15580321";"29879";"50";"20";"0006/ 001C00182";"2019-10-16T07:08:56.000Z";"91";"3";"false"
"15580406";"29898";"30";"50";"0001/ 038C00043";"2019-10-16T07:13:04.000Z";"100";"1";"false"
"15580451";"29820";"30";"20";"0006/ 263C00233";"2019-10-16T07:15:27.000Z";"79";"18";"false"
"15580709";"29941";"30";"20";"0006/ 258C00254";"2019-10-16T08:00:06.000Z";"57";"1";"false"
"15580992";"29928";"30";"20";"0006/ 262C00243";"2019-10-16T08:01:16.000Z";"49";"0";"false"
"15581361";"30168";"30";"20";"0008/ 075C01401";"2019-10-16T08:57:20.000Z";"97";"17";"false"
"15581385";"29926";"30";"20";"0006/ 262C00241";"2019-10-16T08:59:41.000Z";"99";"17";"false"
"15582461";"29942";"30";"20";"0006/ 258C00255";"2019-10-16T10:01:25.000Z";"81";"13";"false"
"15582471";"29984";"50";"20";"0009/ 155C00323";"2019-10-16T10:01:34.000Z";"100";"36";"false"
"15582533";"30335";"30";"20";"0001/ 021C01562";"2019-10-16T10:01:41.000Z";"91";"14";"false"
"15582554";"29961";"50";"20";"0001/ 020C00122";"2019-10-16T10:01:43.000Z";"100";"15";"false"
"15582592";"30407";"30";"20";"0001/ 004C01602";"2019-10-16T10:01:48.000Z";"99";"9";"false"
"15582669";"29922";"30";"20";"0006/ 259C00222";"2019-10-16T10:03:42.000Z";"100";"12";"false"
"15582756";"29921";"30";"20";"0006/ 259C00221";"2019-10-16T10:09:14.000Z";"92";"12";"false"
"15582823";"30038";"30";"20";"0003/ 012C00497";"2019-10-16T10:14:21.000Z";"73";"6";"false"
"15582834";"29995";"30";"20";"0009/ 163C00344";"2019-10-16T10:15:48.000Z";"69";"14";"false"
"15582875";"30057";"30";"20";"0003/ 024C00533";"2019-10-16T10:17:15.000Z";"56";"0";"false"
"15582897";"30089";"30";"20";"0003/ 040C00595";"2019-10-16T10:17:19.000Z";"66";"0";"false"
"15582903";"29804";"30";"20";"0010/ 268C00463";"2019-10-16T10:17:20.000Z";"92";"26";"false"
"15582913";"30063";"30";"20";"0003/ 030C00545";"2019-10-16T10:17:20.000Z";"66";"12";"false"
"15582942";"29900";"30";"20";"0005/ 003C00131";"2019-10-16T10:17:23.000Z";"90";"0";"false"
"15582947";"29875";"50";"20";"0006/ 012C00172";"2019-10-16T10:17:23.000Z";"100";"21";"false"
"15582952";"29876";"50";"20";"0006/ 012C00173";"2019-10-16T10:17:23.000Z";"97";"1";"false"
"15582957";"29835";"50";"20";"0010/ 265C00456";"2019-10-16T10:17:24.000Z";"100";"30";"false"
"15582972";"29949";"50";"20";"0005/ 025C00153";"2019-10-16T10:17:25.000Z";"86";"20";"false"
"15582975";"30043";"30";"20";"0003/ 013C00505";"2019-10-16T10:17:25.000Z";"56";"12";"false"
"15582984";"30084";"30";"20";"0003/ 039C00585";"2019-10-16T10:17:25.000Z";"74";"8";"false"
"15583008";"30101";"30";"20";"0003/ 043C00615";"2019-10-16T10:17:28.000Z";"100";"1";"false"
"15583009";"29931";"30";"20";"0006/ 262C00246";"2019-10-16T10:17:29.000Z";"100";"17";"false"
"15583126";"29890";"30";"20";"0006/ 261C00191";"2019-10-16T10:29:09.000Z";"80";"17";"false"
"15583141";"29893";"30";"20";"0006/ 261C00194";"2019-10-16T10:32:25.000Z";"82";"19";"false"
"15583184";"29903";"30";"20";"0005/ 003C00134";"2019-10-16T10:43:42.000Z";"100";"22";"false"
"15583200";"29809";"30";"20";"0018/ 050C00474";"2019-10-16T10:43:51.000Z";"100";"22";"false"
"15583492";"29792";"30";"20";"0010/ 263C00433";"2019-10-16T11:00:41.000Z";"98";"7";"false"
"15583496";"30075";"30";"20";"0003/ 036C00567";"2019-10-16T11:00:42.000Z";"41";"1";"false"
"15583522";"30024";"30";"20";"0010/ 264C00443";"2019-10-16T11:00:47.000Z";"100";"23";"false"
"15585696";"30364";"40";"30";"0016/ 042C01481";"2019-10-16T13:01:42.000Z";"68";"32";"false"
"15585978";"30090";"30";"20";"0003/ 041C00601";"2019-10-16T13:12:21.000Z";"42";"5";"false"
"15586068";"29946";"30";"20";"0005/ 218C00144";"2019-10-16T13:17:43.000Z";"67";"6";"false"
"15586295";"29872";"30";"20";"0006/ 260C00165";"2019-10-16T13:24:29.000Z";"84";"29";"false"
"15586342";"29873";"30";"20";"0006/ 260C00166";"2019-10-16T13:33:21.000Z";"100";"25";"false"
"15586377";"29943";"40";"20";"0005/ 218C00141";"2019-10-16T13:44:06.000Z";"100";"0";"false"
"15588353";"30067";"30";"20";"0003/ 035C00554";"2019-10-16T15:18:09.000Z";"58";"0";"false"
"15597283";"29932";"50";"20";"0001/ 009C00081";"2019-10-17T05:01:33.000Z";"94";"10";"false"
"15597293";"29920";"30";"20";"0001/ 037C00072";"2019-10-17T05:01:34.000Z";"100";"4";"false"
"15597325";"29887";"50";"20";"0001/ 040C00032";"2019-10-17T05:01:38.000Z";"98";"11";"false"
"15597327";"29883";"40";"20";"0001/ 039C00022";"2019-10-17T05:01:39.000Z";"100";"6";"false"
"15597393";"30406";"30";"20";"0001/ 004C01601";"2019-10-17T05:01:47.000Z";"42";"0";"false"
"15597412";"30327";"30";"20";"0001/ 002C01582";"2019-10-17T05:01:53.000Z";"89";"1";"false"
"15597764";"30288";"30";"20";"0001/ 012C00653";"2019-10-17T05:20:04.000Z";"90";"21";"false"
"15597814";"30086";"30";"20";"0003/ 040C00592";"2019-10-17T05:20:17.000Z";"86";"16";"false"
"15597830";"30081";"30";"20";"0003/ 039C00582";"2019-10-17T05:20:17.000Z";"97";"3";"false"
"15597875";"30085";"30";"20";"0003/ 040C00591";"2019-10-17T05:20:21.000Z";"100";"11";"false"
"15597998";"30326";"30";"20";"0001/ 002C01581";"2019-10-17T05:23:16.000Z";"91";"4";"false"
"15598648";"29913";"50";"20";"0001/ 027C00052";"2019-10-17T06:01:28.000Z";"100";"7";"false"
"15598785";"30331";"50";"20";"0001/ 024C01572";"2019-10-17T06:01:47.000Z";"77";"8";"false"
"15598948";"29980";"30";"20";"0009/ 154C00314";"2019-10-17T06:03:46.000Z";"63";"29";"false"
"15599216";"29825";"30";"20";"0009/ 003C00262";"2019-10-17T06:07:25.000Z";"59";"17";"false"
"15599517";"30400";"30";"20";"0001/ 035C01591";"2019-10-17T06:15:15.000Z";"88";"3";"false"
"15599794";"30005";"30";"20";"0009/ 158C00364";"2019-10-17T06:22:02.000Z";"82";"29";"false"
"15599856";"30010";"30";"20";"0009/ 159C00374";"2019-10-17T06:31:46.000Z";"94";"29";"false"
"15600290";"29897";"50";"20";"0001/ 038C00042";"2019-10-17T07:09:05.000Z";"100";"6";"false"
"15600907";"29912";"30";"20";"0001/ 027C00051";"2019-10-17T08:00:41.000Z";"100";"2";"false"
"15601191";"30343";"30";"20";"0001/ 017C01542";"2019-10-17T08:24:54.000Z";"61";"0";"false"
"15601567";"30338";"30";"20";"0001/ 018C01551";"2019-10-17T09:05:16.000Z";"80";"26";"false"
"15602048";"30401";"30";"20";"0001/ 035C01592";"2019-10-17T09:56:50.000Z";"95";"25";"false"
"15602433";"29864";"30";"20";"0009/ 153C00306";"2019-10-17T10:01:30.000Z";"100";"29";"false"
"15602476";"30334";"30";"20";"0001/ 021C01561";"2019-10-17T10:01:39.000Z";"99";"2";"false"
"15602569";"29960";"30";"20";"0001/ 020C00121";"2019-10-17T10:01:51.000Z";"100";"7";"false"
"15602821";"29934";"30";"20";"0007/ 022C00411";"2019-10-17T10:20:25.000Z";"100";"0";"false"
"15602851";"30055";"50";"20";"0003/ 024C00531";"2019-10-17T10:21:01.000Z";"100";"2";"false"
"15602896";"30097";"30";"20";"0003/ 043C00611";"2019-10-17T10:21:06.000Z";"100";"23";"false"
"15602913";"30080";"30";"20";"0003/ 039C00581";"2019-10-17T10:21:07.000Z";"94";"2";"false"
"15602955";"29901";"30";"20";"0005/ 003C00132";"2019-10-17T10:21:10.000Z";"100";"0";"false"
"15602961";"30076";"50";"20";"0003/ 037C00571";"2019-10-17T10:21:11.000Z";"100";"1";"false"
"15602982";"29801";"50";"20";"0010/ 252C00426";"2019-10-17T10:21:13.000Z";"100";"23";"false"
"15603087";"30330";"30";"20";"0001/ 024C1571";"2019-10-17T10:31:23.000Z";"56";"3";"false"
"15603178";"30077";"30";"20";"0003/ 037C00572";"2019-10-17T10:47:31.000Z";"95";"26";"false"
"15603522";"29923";"30";"20";"0006/ 259C00223";"2019-10-17T11:01:01.000Z";"99";"0";"false"
"15603620";"29799";"30";"20";"0010/ 252C00424";"2019-10-17T11:02:43.000Z";"95";"27";"false"
"15606164";"30027";"30";"20";"0003/ 010C00481";"2019-10-17T13:21:26.000Z";"80";"23";"false"
"15606166";"29902";"30";"20";"0005/ 003C00133";"2019-10-17T13:21:27.000Z";"100";"0";"false"
"15606290";"29917";"30";"20";"0001/ 013C00064";"2019-10-17T13:21:40.000Z";"79";"0";"false"
"15606319";"30028";"30";"20";"0003/ 010C00482";"2019-10-17T13:21:43.000Z";"50";"13";"false"
"15606474";"29935";"30";"20";"0007/ 022C00412";"2019-10-17T13:47:52.000Z";"100";"0";"false"
"15606546";"30142";"30";"20";"0008/ 042C01353";"2019-10-17T13:55:04.000Z";"99";"23";"false"
"15617386";"30162";"30";"20";"0008/ 080C01391";"2019-10-18T04:56:45.000Z";"86";"19";"false"
"15617407";"29993";"30";"20";"0009/ 163C00342";"2019-10-18T04:58:16.000Z";"92";"12";"false"
"15617482";"29910";"30";"20";"0007/ 067C00403";"2019-10-18T05:00:31.000Z";"59";"7";"false"
"15617492";"30332";"30";"20";"0001/ 024C01573";"2019-10-18T05:00:38.000Z";"99";"0";"false"
"15617510";"30046";"50";"20";"0003/ 014C00513";"2019-10-18T05:00:43.000Z";"92";"36";"false"
"15617539";"30134";"30";"20";"0008/ 067C01341";"2019-10-18T05:01:10.000Z";"100";"18";"false"
"15617542";"29908";"30";"20";"0007/ 055C00401";"2019-10-18T05:01:17.000Z";"45";"11";"false"
"15617597";"30342";"30";"20";"0001/ 017C01541";"2019-10-18T05:01:36.000Z";"43";"2";"false"
"15617601";"30346";"30";"20";"0001/ 016C01531";"2019-10-18T05:01:37.000Z";"99";"0";"false"
"15617616";"30335";"30";"20";"0001/ 021C01562";"2019-10-18T05:01:40.000Z";"99";"14";"false"
"15617689";"30331";"50";"20";"0001/ 024C01572";"2019-10-18T05:01:47.000Z";"53";"0";"false"
"15618125";"30027";"30";"20";"0003/ 010C00481";"2019-10-18T05:23:55.000Z";"27";"6";"false"
"15618134";"29947";"30";"20";"0005/ 025C00151";"2019-10-18T05:23:57.000Z";"100";"0";"false"
"15618146";"30103";"30";"20";"0003/ 052C00622";"2019-10-18T05:23:58.000Z";"48";"0";"false"
"15618148";"29937";"30";"20";"0007/ 022C00414";"2019-10-18T05:23:58.000Z";"100";"4";"false"
"15618170";"30056";"30";"20";"0003/ 024C00532";"2019-10-18T05:24:00.000Z";"72";"4";"false"
"15618175";"30068";"30";"20";"0003/ 035C00555";"2019-10-18T05:24:02.000Z";"58";"0";"false"
"15618185";"29949";"50";"20";"0005/ 025C00153";"2019-10-18T05:24:02.000Z";"73";"2";"false"
"15618201";"29900";"30";"20";"0005/ 003C00131";"2019-10-18T05:24:03.000Z";"84";"1";"false"
"15618202";"30066";"50";"20";"0003/ 035C00553";"2019-10-18T05:24:03.000Z";"93";"25";"false"
"15618213";"29914";"30";"20";"0001/ 013C00061";"2019-10-18T05:24:04.000Z";"100";"4";"false"
"15618217";"30116";"30";"20";"0003/ 084C00644";"2019-10-18T05:24:05.000Z";"80";"10";"false"
"15618223";"29915";"30";"20";"0001/ 013C00062";"2019-10-18T05:24:05.000Z";"100";"7";"false"
"15618240";"29936";"30";"20";"0007/ 022C00413";"2019-10-18T05:24:07.000Z";"100";"6";"false"
"15618253";"30064";"30";"20";"0003/ 035C00551";"2019-10-18T05:24:07.000Z";"100";"13";"false"
"15618300";"30029";"50";"20";"0003/ 010C00483";"2019-10-18T05:24:15.000Z";"75";"5";"false"
"15618345";"30336";"30";"20";"0001/ 021C01563";"2019-10-18T05:26:21.000Z";"98";"0";"false"
"15618354";"30350";"30";"20";"0001/ 014C01521";"2019-10-18T05:26:39.000Z";"97";"0";"false"
"15618383";"29964";"30";"20";"0009/ 148C00273";"2019-10-18T05:30:09.000Z";"71";"17";"false"
"15618389";"30034";"30";"20";"0003/ 012C00493";"2019-10-18T05:31:49.000Z";"93";"10";"false"
"15618402";"30348";"30";"20";"0001/ 016C01533";"2019-10-18T05:33:37.000Z";"52";"0";"false"
"15618497";"29916";"30";"20";"0001/ 013C00063";"2019-10-18T05:50:24.000Z";"100";"4";"false"
"15619048";"30128";"30";"20";"0008/ 072C01331";"2019-10-18T06:01:39.000Z";"100";"0";"false"
"15619075";"29983";"50";"20";"0009/ 155C00322";"2019-10-18T06:01:45.000Z";"100";"22";"false"
"15619100";"30287";"30";"20";"0001/ 012C00652";"2019-10-18T06:01:47.000Z";"99";"14";"false"
"15619342";"30339";"30";"20";"0001/ 018C01552";"2019-10-18T06:04:25.000Z";"53";"4";"false"
"15619966";"30040";"30";"20";"0003/ 013C00502";"2019-10-18T06:24:07.000Z";"91";"4";"false"
"15619976";"29948";"50";"20";"0005/ 025C00152";"2019-10-18T06:24:09.000Z";"100";"4";"false"
"15619977";"30014";"30";"20";"0009/ 160C00383";"2019-10-18T06:24:09.000Z";"66";"25";"false"
"15620220";"30060";"50";"20";"0003/ 030C00542";"2019-10-18T06:36:55.000Z";"81";"45";"false"
"15620493";"30407";"30";"20";"0001/ 004C01602";"2019-10-18T07:01:45.000Z";"96";"0";"false"
"15620630";"29975";"30";"20";"0009/ 152C00294";"2019-10-18T07:07:22.000Z";"68";"19";"false"
"15620813";"30007";"30";"20";"0009/ 159C00371";"2019-10-18T07:18:00.000Z";"80";"24";"false"
"15621080";"29989";"50";"20";"0009/ 156C00333";"2019-10-18T08:00:15.000Z";"96";"8";"false"
"15621299";"30036";"30";"20";"0003/ 012C00495";"2019-10-18T08:00:42.000Z";"55";"0";"false"
"15621313";"29894";"30";"20";"0006/ 261C00195";"2019-10-18T08:00:45.000Z";"100";"0";"false"
"15621321";"29868";"30";"20";"0006/ 260C00161";"2019-10-18T08:00:47.000Z";"71";"18";"false"
"15621356";"29998";"50";"20";"0009/ 157C00352";"2019-10-18T08:01:10.000Z";"99";"19";"false"
"15621389";"29963";"30";"20";"0009/ 148C00272";"2019-10-18T08:02:07.000Z";"100";"14";"false"
"15621428";"29968";"50";"20";"0009/ 151C00282";"2019-10-18T08:03:40.000Z";"100";"31";"false"
"15621432";"29978";"50";"20";"0009/ 154C00312";"2019-10-18T08:03:47.000Z";"93";"45";"false"
"15621469";"29862";"40";"20";"0009/ 153C00304";"2019-10-18T08:05:33.000Z";"99";"17";"false"
"15621479";"30129";"30";"20";"0008/ 072C01332";"2019-10-18T08:05:48.000Z";"100";"20";"false"
"15621482";"29924";"30";"20";"0006/ 259C00224";"2019-10-18T08:05:59.000Z";"98";"0";"false"
"15621630";"29927";"30";"20";"0006/ 262C00242";"2019-10-18T08:31:31.000Z";"100";"0";"false"
"15621775";"29969";"30";"20";"0009/ 151C00283";"2019-10-18T09:00:23.000Z";"100";"1";"false"
"15621801";"30173";"30";"20";"0008/ 276C01412";"2019-10-18T09:00:52.000Z";"99";"17";"false"
"15622486";"30401";"30";"20";"0001/ 035C01592";"2019-10-18T09:56:50.000Z";"60";"15";"false"
"15622875";"30135";"30";"20";"0008/ 067C01342";"2019-10-18T10:01:30.000Z";"99";"19";"false"
"15622917";"30107";"30";"20";"0003/ 076C00632";"2019-10-18T10:01:37.000Z";"72";"7";"false"
"15622925";"30371";"50";"20";"0016/ 036C01474";"2019-10-18T10:01:39.000Z";"99";"33";"false"
"15622928";"29988";"50";"20";"0009/ 156C00332";"2019-10-18T10:01:39.000Z";"100";"34";"false"
"15622935";"29870";"30";"20";"0006/ 260C00163";"2019-10-18T10:01:39.000Z";"63";"23";"false"
"15622963";"30370";"50";"20";"0016/ 036C01473";"2019-10-18T10:01:41.000Z";"95";"33";"false"
"15622965";"29867";"50";"20";"0001/ 032C00012";"2019-10-18T10:01:41.000Z";"69";"6";"false"
"15622967";"30012";"30";"20";"0009/ 160C00381";"2019-10-18T10:01:41.000Z";"75";"17";"false"
"15622975";"30071";"30";"20";"0003/ 036C00563";"2019-10-18T10:01:43.000Z";"59";"14";"false"
"15622984";"30004";"50";"20";"0009/ 158C00363";"2019-10-18T10:01:45.000Z";"100";"33";"false"
"15623008";"30093";"30";"20";"0003/ 041C00604";"2019-10-18T10:01:48.000Z";"88";"15";"false"
"15623272";"30039";"30";"20";"0003/ 013C00501";"2019-10-18T10:18:57.000Z";"100";"5";"false"
"15623299";"30051";"30";"20";"0003/ 022C00521";"2019-10-18T10:24:39.000Z";"81";"7";"false"
"15623311";"30057";"30";"20";"0003/ 024C00533";"2019-10-18T10:24:45.000Z";"61";"0";"false"
"15623312";"29789";"30";"20";"0006/ 264C00204";"2019-10-18T10:24:45.000Z";"86";"17";"false"
"15623338";"29787";"30";"20";"0006/ 264C00202";"2019-10-18T10:24:49.000Z";"54";"15";"false"
"15623367";"29904";"40";"20";"0006/ 016C00211";"2019-10-18T10:24:51.000Z";"100";"31";"false"
"15623385";"29876";"50";"20";"0006/ 012C00173";"2019-10-18T10:24:52.000Z";"82";"0";"false"
"15623401";"29875";"50";"20";"0006/ 012C00172";"2019-10-18T10:24:54.000Z";"100";"18";"false"
"15623471";"30114";"30";"20";"0003/ 084C00642";"2019-10-18T10:25:06.000Z";"72";"8";"false"
"15623515";"30143";"50";"20";"0008/ 042C01354";"2019-10-18T10:29:45.000Z";"100";"28";"false"
"15623619";"29905";"40";"20";"0006/ 016C00212";"2019-10-18T10:51:05.000Z";"92";"4";"false"
"15623647";"29878";"50";"20";"0006/ 001C00181";"2019-10-18T10:51:21.000Z";"100";"26";"false"
"15623742";"30017";"50";"20";"0009/ 161C00391";"2019-10-18T10:57:32.000Z";"100";"25";"false"
"15623747";"29939";"30";"20";"0006/ 258C00252";"2019-10-18T10:57:50.000Z";"99";"26";"false"
"15624241";"30121";"30";"20";"0008/ 043C00872";"2019-10-18T11:05:29.000Z";"37";"16";"false"
"15624468";"30044";"30";"20";"0003/ 014C00511";"2019-10-18T11:17:31.000Z";"100";"14";"false"
"15626215";"30069";"30";"20";"0003/ 036C00561";"2019-10-18T13:01:37.000Z";"58";"7";"false"
"15626702";"29946";"30";"20";"0005/ 218C00144";"2019-10-18T13:25:12.000Z";"100";"11";"false"
"15626934";"30091";"30";"20";"0003/ 041C00602";"2019-10-18T13:34:25.000Z";"90";"0";"false"
"15627044";"29943";"40";"20";"0005/ 218C00141";"2019-10-18T13:51:36.000Z";"76";"2";"false"
"15629166";"30150";"30";"20";"0008/ 044C01371";"2019-10-18T15:25:45.000Z";"46";"9";"false"
"15631838";"30380";"30";"20";"0016/ 043C01443";"2019-10-18T18:01:34.000Z";"53";"28";"false"
"15639544";"29909";"30";"20";"0007/ 055C00402";"2019-10-19T06:01:41.000Z";"100";"9";"false"
"15639582";"29911";"30";"20";"0007/ 067C00404";"2019-10-19T06:01:43.000Z";"88";"6";"false"
"15641192";"29820";"30";"20";"0006/ 263C00233";"2019-10-19T07:15:27.000Z";"100";"15";"false"
"15643233";"29920";"30";"20";"0001/ 037C00072";"2019-10-19T10:01:34.000Z";"44";"5";"false"
"15643243";"29953";"30";"20";"0001/ 022C00092";"2019-10-19T10:01:36.000Z";"100";"18";"false"
"15643265";"29866";"50";"15";"0001/ 032C00011";"2019-10-19T10:01:40.000Z";"96";"21";"false"
"15643268";"29925";"30";"20";"0006/ 259C00225";"2019-10-19T10:01:40.000Z";"100";"0";"false"
"15643275";"30335";"30";"20";"0001/ 021C01562";"2019-10-19T10:01:41.000Z";"99";"20";"false"
"15643299";"29913";"50";"20";"0001/ 027C00052";"2019-10-19T10:01:43.000Z";"100";"40";"false"
"15643309";"29962";"50";"20";"0009/ 148C00271";"2019-10-19T10:01:44.000Z";"100";"43";"false"
"15643338";"29952";"40";"20";"0001/ 022C00091";"2019-10-19T10:01:47.000Z";"77";"10";"false"
"15643345";"29958";"30";"20";"0001/ 003C00113";"2019-10-19T10:01:47.000Z";"100";"0";"false"
"15643347";"30406";"30";"20";"0001/ 004C01601";"2019-10-19T10:01:48.000Z";"60";"3";"false"
"15643348";"29955";"40";"20";"0001/ 001C00102";"2019-10-19T10:01:49.000Z";"100";"0";"false"
"15643383";"29821";"40";"20";"0006/ 263C00234";"2019-10-19T10:02:14.000Z";"100";"39";"false"
"15643433";"29904";"40";"20";"0006/ 016C00211";"2019-10-19T10:02:21.000Z";"70";"5";"false"
"15643518";"30288";"30";"20";"0001/ 012C00653";"2019-10-19T10:02:26.000Z";"53";"16";"false"
"15643564";"30347";"30";"20";"0001/ 016C01532";"2019-10-19T10:02:32.000Z";"97";"6";"false"
"15643806";"30330";"30";"20";"0001/ 024C1571";"2019-10-19T10:12:39.000Z";"98";"0";"false"
"15644166";"29895";"30";"20";"0006/ 261C00196";"2019-10-19T11:00:16.000Z";"99";"20";"false"
"15644323";"29928";"30";"20";"0006/ 262C00243";"2019-10-19T11:01:12.000Z";"100";"14";"false"
"15645634";"30338";"30";"20";"0001/ 018C01551";"2019-10-19T12:05:16.000Z";"37";"0";"false"
"15646504";"29888";"30";"20";"0001/ 040C00033";"2019-10-19T13:01:48.000Z";"47";"10";"false"
"15646523";"29961";"50";"20";"0001/ 020C00122";"2019-10-19T13:01:49.000Z";"71";"48";"false"
"15646670";"30027";"30";"20";"0003/ 010C00481";"2019-10-19T13:02:52.000Z";"96";"26";"false"
"15647170";"30119";"30";"20";"0003/ 084C00647";"2019-10-19T13:29:05.000Z";"39";"0";"false"
"15648996";"30084";"30";"20";"0003/ 039C00585";"2019-10-19T15:03:14.000Z";"38";"0";"false"
"15663503";"30027";"30";"20";"0003/ 010C00481";"2019-10-20T10:06:06.000Z";"61";"20";"false"
"15663644";"30048";"30";"20";"0003/ 014C00515";"2019-10-20T10:06:19.000Z";"39";"0";"false"
"15666835";"30005";"30";"20";"0009/ 158C00364";"2019-10-20T13:08:07.000Z";"43";"20";"false"
"15672498";"30050";"30";"20";"0003/ 014C00517";"2019-10-20T18:07:23.000Z";"28";"0";"false"
"15672716";"30005";"30";"20";"0009/ 158C00364";"2019-10-20T18:08:56.000Z";"44";"0";"false"
"15677744";"30046";"50";"20";"0003/ 014C00513";"2019-10-21T05:00:38.000Z";"100";"0";"false"
"15677759";"29910";"30";"20";"0007/ 067C00403";"2019-10-21T05:00:41.000Z";"100";"2";"false"
"15677797";"29908";"30";"20";"0007/ 055C00401";"2019-10-21T05:01:14.000Z";"92";"9";"false"
"15677831";"29883";"40";"20";"0001/ 039C00022";"2019-10-21T05:01:34.000Z";"100";"5";"false"
"15677864";"30134";"30";"20";"0008/ 067C01341";"2019-10-21T05:01:38.000Z";"82";"17";"false"
"15677889";"29909";"30";"20";"0007/ 055C00402";"2019-10-21T05:01:40.000Z";"71";"17";"false"
"15677908";"29911";"30";"20";"0007/ 067C00404";"2019-10-21T05:01:43.000Z";"85";"8";"false"
"15677941";"30406";"30";"20";"0001/ 004C01601";"2019-10-21T05:01:47.000Z";"82";"14";"false"
"15678183";"29936";"30";"20";"0007/ 022C00413";"2019-10-21T05:09:00.000Z";"100";"6";"false"
"15678184";"29916";"30";"20";"0001/ 013C00063";"2019-10-21T05:09:00.000Z";"95";"3";"false"
"15678185";"30085";"30";"20";"0003/ 040C00591";"2019-10-21T05:09:00.000Z";"100";"4";"false"
"15678228";"30027";"30";"20";"0003/ 010C00481";"2019-10-21T05:09:03.000Z";"39";"8";"false"
"15678297";"29937";"30";"20";"0007/ 022C00414";"2019-10-21T05:09:08.000Z";"100";"7";"false"
"15678303";"29915";"30";"20";"0001/ 013C00062";"2019-10-21T05:09:10.000Z";"87";"8";"false"
"15678304";"29914";"30";"20";"0001/ 013C00061";"2019-10-21T05:09:10.000Z";"90";"5";"false"
"15678322";"30081";"30";"20";"0003/ 039C00582";"2019-10-21T05:09:13.000Z";"100";"11";"false"
"15678329";"30086";"30";"20";"0003/ 040C00592";"2019-10-21T05:09:13.000Z";"100";"24";"false"
"15678367";"30351";"30";"20";"0001/ 014C01522";"2019-10-21T05:10:08.000Z";"42";"0";"false"
"15678383";"30350";"30";"20";"0001/ 014C01521";"2019-10-21T05:11:36.000Z";"66";"0";"false"
"15678668";"30056";"30";"20";"0003/ 024C00532";"2019-10-21T05:35:15.000Z";"93";"11";"false"
"15678700";"30029";"50";"20";"0003/ 010C00483";"2019-10-21T05:35:31.000Z";"100";"21";"false"
"15679222";"29920";"30";"20";"0001/ 037C00072";"2019-10-21T06:01:32.000Z";"85";"18";"false"
"15679237";"29932";"50";"20";"0001/ 009C00081";"2019-10-21T06:01:36.000Z";"100";"28";"false"
"15679241";"30346";"30";"20";"0001/ 016C01531";"2019-10-21T06:01:37.000Z";"98";"1";"false"
"15679257";"30128";"30";"20";"0008/ 072C01331";"2019-10-21T06:01:39.000Z";"100";"16";"false"
"15679262";"30335";"30";"20";"0001/ 021C01562";"2019-10-21T06:01:39.000Z";"99";"0";"false"
"15679263";"29925";"30";"20";"0006/ 259C00225";"2019-10-21T06:01:40.000Z";"84";"8";"false"
"15679316";"29961";"50";"20";"0001/ 020C00122";"2019-10-21T06:01:43.000Z";"96";"7";"false"
"15679335";"29952";"40";"20";"0001/ 022C00091";"2019-10-21T06:01:47.000Z";"91";"6";"false"
"15679918";"29821";"40";"20";"0006/ 263C00234";"2019-10-21T06:09:08.000Z";"100";"19";"false"
"15679936";"29879";"50";"20";"0006/ 001C00182";"2019-10-21T06:09:10.000Z";"100";"0";"false"
"15679980";"29904";"40";"20";"0006/ 016C00211";"2019-10-21T06:09:13.000Z";"100";"1";"false"
"15680006";"29878";"50";"20";"0006/ 001C00181";"2019-10-21T06:09:15.000Z";"100";"7";"false"
"15680024";"29900";"30";"20";"0005/ 003C00131";"2019-10-21T06:09:16.000Z";"100";"5";"false"
"15680027";"29903";"30";"20";"0005/ 003C00134";"2019-10-21T06:09:16.000Z";"100";"5";"false"
"15680043";"29949";"50";"20";"0005/ 025C00153";"2019-10-21T06:09:18.000Z";"98";"8";"false"
"15680245";"30326";"30";"20";"0001/ 002C01581";"2019-10-21T06:11:46.000Z";"98";"1";"false"
"15680257";"29977";"30";"20";"0009/ 154C00311";"2019-10-21T06:12:00.000Z";"54";"0";"false"
"15680511";"29798";"30";"20";"0010/ 252C00423";"2019-10-21T06:35:30.000Z";"93";"21";"false"
"15680713";"30407";"30";"20";"0001/ 004C01602";"2019-10-21T07:01:42.000Z";"88";"0";"false"
"15680893";"29897";"50";"20";"0001/ 038C00042";"2019-10-21T07:09:05.000Z";"97";"21";"false"